video_filename,gloss
Adjectives\34. alive\MVI_9703_skeleton.mp4,ALIVE
Adjectives\34. alive\MVI_9704_skeleton.mp4,ALIVE
Adjectives\34. alive\MVI_9705_skeleton.mp4,ALIVE
Adjectives\34. alive\MVI_9706_skeleton.mp4,ALIVE
Adjectives\34. alive\MVI_9827_skeleton.mp4,ALIVE
Adjectives\34. alive\MVI_9828_skeleton.mp4,ALIVE
Adjectives\34. alive\MVI_9829_skeleton.mp4,ALIVE
Adjectives\34. alive\MVI_9830_skeleton.mp4,ALIVE
Animals\8. Animal\MVI_2999_skeleton.mp4,ANIMAL
Animals\8. Animal\MVI_3000_skeleton.mp4,ANIMAL
Animals\8. Animal\MVI_3001_skeleton.mp4,ANIMAL
Animals\8. Animal\MVI_3025_skeleton.mp4,ANIMAL
Animals\8. Animal\MVI_3026_skeleton.mp4,ANIMAL
Animals\8. Animal\MVI_3027_skeleton.mp4,ANIMAL
Animals\8. Animal\MVI_3056_skeleton.mp4,ANIMAL
Animals\8. Animal\MVI_3057_skeleton.mp4,ANIMAL
Animals\8. Animal\MVI_3058_skeleton.mp4,ANIMAL
Animals\8. Animal\MVI_3082_skeleton.mp4,ANIMAL
Animals\8. Animal\MVI_3083_skeleton.mp4,ANIMAL
Animals\8. Animal\MVI_3084_skeleton.mp4,ANIMAL
Animals\8. Animal\MVI_3107_skeleton.mp4,ANIMAL
Animals\8. Animal\MVI_3108_skeleton.mp4,ANIMAL
Animals\8. Animal\MVI_3109_skeleton.mp4,ANIMAL
Animals\8. Animal\MVI_4167_skeleton.mp4,ANIMAL
Animals\8. Animal\MVI_4168_skeleton.mp4,ANIMAL
Animals\8. Animal\MVI_4169_skeleton.mp4,ANIMAL
Animals\8. Animal\MVI_8576_skeleton.mp4,ANIMAL
Animals\8. Animal\MVI_8577_skeleton.mp4,ANIMAL
Society\13. Attack\MVI_4299_skeleton.mp4,ATTACK
Society\13. Attack\MVI_4300_skeleton.mp4,ATTACK
Society\13. Attack\MVI_4301_skeleton.mp4,ATTACK
Society\13. Attack\MVI_4302_skeleton.mp4,ATTACK
Society\13. Attack\MVI_4303_skeleton.mp4,ATTACK
Society\13. Attack\MVI_4836_skeleton.mp4,ATTACK
Society\13. Attack\MVI_4837_skeleton.mp4,ATTACK
Society\13. Attack\MVI_4838_skeleton.mp4,ATTACK
Society\13. Attack\MVI_8706_skeleton.mp4,ATTACK
Society\13. Attack\MVI_8707_skeleton.mp4,ATTACK
Society\13. Attack\MVI_8708_skeleton.mp4,ATTACK
Society\13. Attack\MVI_8709_skeleton.mp4,ATTACK
Society\13. Attack\MVI_8964_skeleton.mp4,ATTACK
Society\13. Attack\MVI_8965_skeleton.mp4,ATTACK
Society\13. Attack\MVI_8966_skeleton.mp4,ATTACK
Adjectives\95. bad\MVI_5161_skeleton.mp4,BAD
Adjectives\95. bad\MVI_5162_skeleton.mp4,BAD
Adjectives\95. bad\MVI_5163_skeleton.mp4,BAD
Adjectives\95. bad\MVI_5241_skeleton.mp4,BAD
Adjectives\95. bad\MVI_5242_skeleton.mp4,BAD
Adjectives\95. bad\MVI_5243_skeleton.mp4,BAD
Adjectives\95. bad\MVI_5319_skeleton.mp4,BAD
Adjectives\95. bad\MVI_5320_skeleton.mp4,BAD
Adjectives\95. bad\MVI_9271_skeleton.mp4,BAD
Adjectives\95. bad\MVI_9272_skeleton.mp4,BAD
Adjectives\95. bad\MVI_9273_skeleton.mp4,BAD
Adjectives\95. bad\MVI_9352_skeleton.mp4,BAD
Adjectives\95. bad\MVI_9353_skeleton.mp4,BAD
Adjectives\95. bad\MVI_9354_skeleton.mp4,BAD
Adjectives\95. bad\MVI_9433_skeleton.mp4,BAD
Adjectives\95. bad\MVI_9434_skeleton.mp4,BAD
Adjectives\95. bad\MVI_9435_skeleton.mp4,BAD
Adjectives\95. bad\MVI_9513_skeleton.mp4,BAD
Adjectives\95. bad\MVI_9514_skeleton.mp4,BAD
Adjectives\95. bad\MVI_9516_skeleton.mp4,BAD
Society\19. Ball\MVI_4324_skeleton.mp4,BALL
Society\19. Ball\MVI_4325_skeleton.mp4,BALL
Society\19. Ball\MVI_4326_skeleton.mp4,BALL
Society\19. Ball\MVI_4327_skeleton.mp4,BALL
Society\19. Ball\MVI_4854_skeleton.mp4,BALL
Society\19. Ball\MVI_4855_skeleton.mp4,BALL
Society\19. Ball\MVI_4856_skeleton.mp4,BALL
Society\19. Ball\MVI_8730_skeleton.mp4,BALL
Society\19. Ball\MVI_8731_skeleton.mp4,BALL
Society\19. Ball\MVI_8732_skeleton.mp4,BALL
Society\19. Ball\MVI_8733_skeleton.mp4,BALL
Society\19. Ball\MVI_8982_skeleton.mp4,BALL
Society\19. Ball\MVI_8983_skeleton.mp4,BALL
Society\19. Ball\MVI_8984_skeleton.mp4,BALL
Society\19. Ball\MVI_8985_skeleton.mp4,BALL
Adjectives\5. Beautiful\Extra\MVI_9573_skeleton.mp4,BEAUTIFUL
Adjectives\5. Beautiful\MVI_9569_skeleton.mp4,BEAUTIFUL
Adjectives\5. Beautiful\MVI_9570_skeleton.mp4,BEAUTIFUL
Adjectives\5. Beautiful\MVI_9571_skeleton.mp4,BEAUTIFUL
Adjectives\5. Beautiful\MVI_9572_skeleton.mp4,BEAUTIFUL
Adjectives\5. Beautiful\MVI_9723_skeleton.mp4,BEAUTIFUL
Adjectives\5. Beautiful\MVI_9724_skeleton.mp4,BEAUTIFUL
Adjectives\5. Beautiful\MVI_9725_skeleton.mp4,BEAUTIFUL
Adjectives\5. Beautiful\MVI_9726_skeleton.mp4,BEAUTIFUL
Adjectives\83. big large\MVI_5123_skeleton.mp4,BIG LARGE
Adjectives\83. big large\MVI_5124_skeleton.mp4,BIG LARGE
Adjectives\83. big large\MVI_5125_skeleton.mp4,BIG LARGE
Adjectives\83. big large\MVI_5203_skeleton.mp4,BIG LARGE
Adjectives\83. big large\MVI_5204_skeleton.mp4,BIG LARGE
Adjectives\83. big large\MVI_5205_skeleton.mp4,BIG LARGE
Adjectives\83. big large\MVI_5283_skeleton.mp4,BIG LARGE
Adjectives\83. big large\MVI_5284_skeleton.mp4,BIG LARGE
Adjectives\83. big large\MVI_5285_skeleton.mp4,BIG LARGE
Adjectives\83. big large\MVI_9233_skeleton.mp4,BIG LARGE
Adjectives\83. big large\MVI_9234_skeleton.mp4,BIG LARGE
Adjectives\83. big large\MVI_9235_skeleton.mp4,BIG LARGE
Adjectives\83. big large\MVI_9316_skeleton.mp4,BIG LARGE
Adjectives\83. big large\MVI_9317_skeleton.mp4,BIG LARGE
Adjectives\83. big large\MVI_9318_skeleton.mp4,BIG LARGE
Adjectives\83. big large\MVI_9394_skeleton.mp4,BIG LARGE
Adjectives\83. big large\MVI_9395_skeleton.mp4,BIG LARGE
Adjectives\83. big large\MVI_9396_skeleton.mp4,BIG LARGE
Adjectives\83. big large\MVI_9475_skeleton.mp4,BIG LARGE
Adjectives\83. big large\MVI_9476_skeleton.mp4,BIG LARGE
Adjectives\83. big large\MVI_9477_skeleton.mp4,BIG LARGE
Society\5. Bill\MVI_4267_skeleton.mp4,BILL
Society\5. Bill\MVI_4268_skeleton.mp4,BILL
Society\5. Bill\MVI_4269_skeleton.mp4,BILL
Society\5. Bill\MVI_4270_skeleton.mp4,BILL
Society\5. Bill\MVI_4809_skeleton.mp4,BILL
Society\5. Bill\MVI_4810_skeleton.mp4,BILL
Society\5. Bill\MVI_4811_skeleton.mp4,BILL
Society\5. Bill\MVI_8673_skeleton.mp4,BILL
Society\5. Bill\MVI_8674_skeleton.mp4,BILL
Society\5. Bill\MVI_8675_skeleton.mp4,BILL
Society\5. Bill\MVI_8676_skeleton.mp4,BILL
Society\5. Bill\MVI_8939_skeleton.mp4,BILL
Society\5. Bill\MVI_8940_skeleton.mp4,BILL
Society\5. Bill\MVI_8941_skeleton.mp4,BILL
Animals\4. Bird\Extra\MVI_3041_skeleton.mp4,BIRD
Animals\4. Bird\Extra\MVI_3042_skeleton.mp4,BIRD
Animals\4. Bird\Extra\MVI_3043_skeleton.mp4,BIRD
Animals\4. Bird\Extra\MVI_3044_skeleton.mp4,BIRD
Animals\4. Bird\Extra\MVI_3045_skeleton.mp4,BIRD
Animals\4. Bird\MVI_2987_skeleton.mp4,BIRD
Animals\4. Bird\MVI_2988_skeleton.mp4,BIRD
Animals\4. Bird\MVI_2989_skeleton.mp4,BIRD
Animals\4. Bird\MVI_3011_skeleton.mp4,BIRD
Animals\4. Bird\MVI_3012_skeleton.mp4,BIRD
Animals\4. Bird\MVI_3013_skeleton.mp4,BIRD
Animals\4. Bird\MVI_3037_skeleton.mp4,BIRD
Animals\4. Bird\MVI_3038_skeleton.mp4,BIRD
Animals\4. Bird\MVI_3040_skeleton.mp4,BIRD
Animals\4. Bird\MVI_3070_skeleton.mp4,BIRD
Animals\4. Bird\MVI_3071_skeleton.mp4,BIRD
Animals\4. Bird\MVI_3072_skeleton.mp4,BIRD
Animals\4. Bird\MVI_3094_skeleton.mp4,BIRD
Animals\4. Bird\MVI_3095_skeleton.mp4,BIRD
Animals\4. Bird\MVI_3096_skeleton.mp4,BIRD
Animals\4. Bird\MVI_4155_skeleton.mp4,BIRD
Animals\4. Bird\MVI_4156_skeleton.mp4,BIRD
Animals\4. Bird\MVI_4157_skeleton.mp4,BIRD
Animals\4. Bird\MVI_8567_skeleton.mp4,BIRD
Animals\4. Bird\MVI_8568_skeleton.mp4,BIRD
Colours\54. Black\MVI_3740_skeleton.mp4,BLACK
Colours\54. Black\MVI_3741_skeleton.mp4,BLACK
Colours\54. Black\MVI_3742_skeleton.mp4,BLACK
Colours\54. Black\MVI_3887_skeleton.mp4,BLACK
Colours\54. Black\MVI_3888_skeleton.mp4,BLACK
Colours\54. Black\MVI_3889_skeleton.mp4,BLACK
Colours\54. Black\MVI_4039_skeleton.mp4,BLACK
Colours\54. Black\MVI_4040_skeleton.mp4,BLACK
Colours\54. Black\MVI_4041_skeleton.mp4,BLACK
Colours\54. Black\MVI_4215_skeleton.mp4,BLACK
Colours\54. Black\MVI_4918_skeleton.mp4,BLACK
Colours\54. Black\MVI_4919_skeleton.mp4,BLACK
Colours\54. Black\MVI_4920_skeleton.mp4,BLACK
Colours\54. Black\MVI_5058_skeleton.mp4,BLACK
Colours\54. Black\MVI_5059_skeleton.mp4,BLACK
Colours\54. Black\MVI_5060_skeleton.mp4,BLACK
Colours\54. Black\MVI_5206_skeleton.mp4,BLACK
Colours\54. Black\MVI_5207_skeleton.mp4,BLACK
Colours\54. Black\MVI_5208_skeleton.mp4,BLACK
Colours\54. Black\MVI_8619_skeleton.mp4,BLACK
Adjectives\8. Blind\MVI_9584_skeleton.mp4,BLIND
Adjectives\8. Blind\MVI_9585_skeleton.mp4,BLIND
Adjectives\8. Blind\MVI_9586_skeleton.mp4,BLIND
Adjectives\8. Blind\MVI_9587_skeleton.mp4,BLIND
Adjectives\8. Blind\MVI_9852_skeleton.mp4,BLIND
Adjectives\8. Blind\MVI_9853_skeleton.mp4,BLIND
Adjectives\8. Blind\MVI_9854_skeleton.mp4,BLIND
Adjectives\8. Blind\MVI_9855_skeleton.mp4,BLIND
Colours\49. Blue\MVI_3725_skeleton.mp4,BLUE
Colours\49. Blue\MVI_3726_skeleton.mp4,BLUE
Colours\49. Blue\MVI_3727_skeleton.mp4,BLUE
Colours\49. Blue\MVI_3872_skeleton.mp4,BLUE
Colours\49. Blue\MVI_3873_skeleton.mp4,BLUE
Colours\49. Blue\MVI_3874_skeleton.mp4,BLUE
Colours\49. Blue\MVI_4024_skeleton.mp4,BLUE
Colours\49. Blue\MVI_4025_skeleton.mp4,BLUE
Colours\49. Blue\MVI_4026_skeleton.mp4,BLUE
Colours\49. Blue\MVI_4209_skeleton.mp4,BLUE
Colours\49. Blue\MVI_4903_skeleton.mp4,BLUE
Colours\49. Blue\MVI_4904_skeleton.mp4,BLUE
Colours\49. Blue\MVI_4905_skeleton.mp4,BLUE
Colours\49. Blue\MVI_5043_skeleton.mp4,BLUE
Colours\49. Blue\MVI_5044_skeleton.mp4,BLUE
Colours\49. Blue\MVI_5045_skeleton.mp4,BLUE
Colours\49. Blue\MVI_5190_skeleton.mp4,BLUE
Colours\49. Blue\MVI_5191_skeleton.mp4,BLUE
Colours\49. Blue\MVI_5192_skeleton.mp4,BLUE
Colours\49. Blue\MVI_8614_skeleton.mp4,BLUE
Colours\51. Brown\MVI_3731_skeleton.mp4,BROWN
Colours\51. Brown\MVI_3732_skeleton.mp4,BROWN
Colours\51. Brown\MVI_3733_skeleton.mp4,BROWN
Colours\51. Brown\MVI_3878_skeleton.mp4,BROWN
Colours\51. Brown\MVI_3879_skeleton.mp4,BROWN
Colours\51. Brown\MVI_3880_skeleton.mp4,BROWN
Colours\51. Brown\MVI_4030_skeleton.mp4,BROWN
Colours\51. Brown\MVI_4031_skeleton.mp4,BROWN
Colours\51. Brown\MVI_4032_skeleton.mp4,BROWN
Colours\51. Brown\MVI_4212_skeleton.mp4,BROWN
Colours\51. Brown\MVI_4909_skeleton.mp4,BROWN
Colours\51. Brown\MVI_4910_skeleton.mp4,BROWN
Colours\51. Brown\MVI_4911_skeleton.mp4,BROWN
Colours\51. Brown\MVI_5049_skeleton.mp4,BROWN
Colours\51. Brown\MVI_5050_skeleton.mp4,BROWN
Colours\51. Brown\MVI_5051_skeleton.mp4,BROWN
Colours\51. Brown\MVI_5196_skeleton.mp4,BROWN
Colours\51. Brown\MVI_5197_skeleton.mp4,BROWN
Colours\51. Brown\MVI_5198_skeleton.mp4,BROWN
Colours\51. Brown\MVI_5199_skeleton.mp4,BROWN
Colours\51. Brown\MVI_8616_skeleton.mp4,BROWN
Electronics\58. Camera\MVI_4553_skeleton.mp4,CAMERA
Electronics\58. Camera\MVI_4554_skeleton.mp4,CAMERA
Electronics\58. Camera\MVI_4555_skeleton.mp4,CAMERA
Electronics\58. Camera\MVI_4556_skeleton.mp4,CAMERA
Electronics\58. Camera\MVI_4979_skeleton.mp4,CAMERA
Electronics\58. Camera\MVI_4980_skeleton.mp4,CAMERA
Electronics\58. Camera\MVI_4981_skeleton.mp4,CAMERA
Electronics\58. Camera\MVI_5407_skeleton.mp4,CAMERA
Electronics\58. Camera\MVI_5408_skeleton.mp4,CAMERA
Electronics\58. Camera\MVI_5409_skeleton.mp4,CAMERA
Electronics\58. Camera\MVI_5410_skeleton.mp4,CAMERA
Electronics\58. Camera\MVI_9113_skeleton.mp4,CAMERA
Electronics\58. Camera\MVI_9114_skeleton.mp4,CAMERA
Electronics\58. Camera\MVI_9115_skeleton.mp4,CAMERA
Animals\2. Cat\MVI_2981_skeleton.mp4,CAT
Animals\2. Cat\MVI_2982_skeleton.mp4,CAT
Animals\2. Cat\MVI_2983_skeleton.mp4,CAT
Animals\2. Cat\MVI_3005_skeleton.mp4,CAT
Animals\2. Cat\MVI_3006_skeleton.mp4,CAT
Animals\2. Cat\MVI_3007_skeleton.mp4,CAT
Animals\2. Cat\MVI_3031_skeleton.mp4,CAT
Animals\2. Cat\MVI_3032_skeleton.mp4,CAT
Animals\2. Cat\MVI_3033_skeleton.mp4,CAT
Animals\2. Cat\MVI_3063_skeleton.mp4,CAT
Animals\2. Cat\MVI_3064_skeleton.mp4,CAT
Animals\2. Cat\MVI_3065_skeleton.mp4,CAT
Animals\2. Cat\MVI_3088_skeleton.mp4,CAT
Animals\2. Cat\MVI_3089_skeleton.mp4,CAT
Animals\2. Cat\MVI_3090_skeleton.mp4,CAT
Animals\2. Cat\MVI_4149_skeleton.mp4,CAT
Animals\2. Cat\MVI_4150_skeleton.mp4,CAT
Animals\2. Cat\MVI_4151_skeleton.mp4,CAT
Animals\2. Cat\MVI_8562_skeleton.mp4,CAT
Animals\2. Cat\MVI_8563_skeleton.mp4,CAT
Electronics\54. Cell phone\MVI_4537_skeleton.mp4,CELL PHONE
Electronics\54. Cell phone\MVI_4538_skeleton.mp4,CELL PHONE
Electronics\54. Cell phone\MVI_4539_skeleton.mp4,CELL PHONE
Electronics\54. Cell phone\MVI_4540_skeleton.mp4,CELL PHONE
Electronics\54. Cell phone\MVI_4967_skeleton.mp4,CELL PHONE
Electronics\54. Cell phone\MVI_4968_skeleton.mp4,CELL PHONE
Electronics\54. Cell phone\MVI_4969_skeleton.mp4,CELL PHONE
Electronics\54. Cell phone\MVI_5391_skeleton.mp4,CELL PHONE
Electronics\54. Cell phone\MVI_5392_skeleton.mp4,CELL PHONE
Electronics\54. Cell phone\MVI_5393_skeleton.mp4,CELL PHONE
Electronics\54. Cell phone\MVI_5394_skeleton.mp4,CELL PHONE
Electronics\54. Cell phone\MVI_9100_skeleton.mp4,CELL PHONE
Electronics\54. Cell phone\MVI_9101_skeleton.mp4,CELL PHONE
Electronics\54. Cell phone\MVI_9102_skeleton.mp4,CELL PHONE
Adjectives\16. cheap\MVI_9617_skeleton.mp4,CHEAP
Adjectives\16. cheap\MVI_9618_skeleton.mp4,CHEAP
Adjectives\16. cheap\MVI_9619_skeleton.mp4,CHEAP
Adjectives\16. cheap\MVI_9620_skeleton.mp4,CHEAP
Adjectives\16. cheap\MVI_9750_skeleton.mp4,CHEAP
Adjectives\16. cheap\MVI_9751_skeleton.mp4,CHEAP
Adjectives\16. cheap\MVI_9752_skeleton.mp4,CHEAP
Adjectives\16. cheap\MVI_9754_skeleton.mp4,CHEAP
Adjectives\29. clean\MVI_9679_skeleton.mp4,CLEAN
Adjectives\29. clean\MVI_9680_skeleton.mp4,CLEAN
Adjectives\29. clean\MVI_9681_skeleton.mp4,CLEAN
Adjectives\29. clean\MVI_9682_skeleton.mp4,CLEAN
Adjectives\29. clean\MVI_9806_skeleton.mp4,CLEAN
Adjectives\29. clean\MVI_9807_skeleton.mp4,CLEAN
Adjectives\29. clean\MVI_9808_skeleton.mp4,CLEAN
Adjectives\29. clean\MVI_9809_skeleton.mp4,CLEAN
Electronics\51. Clock\MVI_4524_skeleton.mp4,CLOCK
Electronics\51. Clock\MVI_4525_skeleton.mp4,CLOCK
Electronics\51. Clock\MVI_4526_skeleton.mp4,CLOCK
Electronics\51. Clock\MVI_4527_skeleton.mp4,CLOCK
Electronics\51. Clock\MVI_4959_skeleton.mp4,CLOCK
Electronics\51. Clock\MVI_4960_skeleton.mp4,CLOCK
Electronics\51. Clock\MVI_5379_skeleton.mp4,CLOCK
Electronics\51. Clock\MVI_5380_skeleton.mp4,CLOCK
Electronics\51. Clock\MVI_5381_skeleton.mp4,CLOCK
Electronics\51. Clock\MVI_5382_skeleton.mp4,CLOCK
Electronics\51. Clock\MVI_9091_skeleton.mp4,CLOCK
Electronics\51. Clock\MVI_9092_skeleton.mp4,CLOCK
Electronics\51. Clock\MVI_9093_skeleton.mp4,CLOCK
Colours\57. Colour\MVI_3750_skeleton.mp4,COLOUR
Colours\57. Colour\MVI_3751_skeleton.mp4,COLOUR
Colours\57. Colour\MVI_3752_skeleton.mp4,COLOUR
Colours\57. Colour\MVI_3897_skeleton.mp4,COLOUR
Colours\57. Colour\MVI_3898_skeleton.mp4,COLOUR
Colours\57. Colour\MVI_3899_skeleton.mp4,COLOUR
Colours\57. Colour\MVI_4048_skeleton.mp4,COLOUR
Colours\57. Colour\MVI_4049_skeleton.mp4,COLOUR
Colours\57. Colour\MVI_4050_skeleton.mp4,COLOUR
Colours\57. Colour\MVI_4218_skeleton.mp4,COLOUR
Colours\57. Colour\MVI_4928_skeleton.mp4,COLOUR
Colours\57. Colour\MVI_4929_skeleton.mp4,COLOUR
Colours\57. Colour\MVI_4930_skeleton.mp4,COLOUR
Colours\57. Colour\MVI_5068_skeleton.mp4,COLOUR
Colours\57. Colour\MVI_5069_skeleton.mp4,COLOUR
Colours\57. Colour\MVI_5070_skeleton.mp4,COLOUR
Colours\57. Colour\MVI_5215_skeleton.mp4,COLOUR
Colours\57. Colour\MVI_5216_skeleton.mp4,COLOUR
Colours\57. Colour\MVI_5217_skeleton.mp4,COLOUR
Colours\57. Colour\MVI_8622_skeleton.mp4,COLOUR
Electronics\55. Computer\MVI_4541_skeleton.mp4,COMPUTER
Electronics\55. Computer\MVI_4542_skeleton.mp4,COMPUTER
Electronics\55. Computer\MVI_4543_skeleton.mp4,COMPUTER
Electronics\55. Computer\MVI_4544_skeleton.mp4,COMPUTER
Electronics\55. Computer\MVI_4970_skeleton.mp4,COMPUTER
Electronics\55. Computer\MVI_4971_skeleton.mp4,COMPUTER
Electronics\55. Computer\MVI_4972_skeleton.mp4,COMPUTER
Electronics\55. Computer\MVI_5395_skeleton.mp4,COMPUTER
Electronics\55. Computer\MVI_5396_skeleton.mp4,COMPUTER
Electronics\55. Computer\MVI_5397_skeleton.mp4,COMPUTER
Electronics\55. Computer\MVI_5398_skeleton.mp4,COMPUTER
Electronics\55. Computer\MVI_9103_skeleton.mp4,COMPUTER
Electronics\55. Computer\MVI_9104_skeleton.mp4,COMPUTER
Electronics\55. Computer\MVI_9105_skeleton.mp4,COMPUTER
Adjectives\90. cool\MVI_5145_skeleton.mp4,COOL
Adjectives\90. cool\MVI_5146_skeleton.mp4,COOL
Adjectives\90. cool\MVI_5147_skeleton.mp4,COOL
Adjectives\90. cool\MVI_5225_skeleton.mp4,COOL
Adjectives\90. cool\MVI_5226_skeleton.mp4,COOL
Adjectives\90. cool\MVI_5227_skeleton.mp4,COOL
Adjectives\90. cool\MVI_5304_skeleton.mp4,COOL
Adjectives\90. cool\MVI_5305_skeleton.mp4,COOL
Adjectives\90. cool\MVI_5306_skeleton.mp4,COOL
Adjectives\90. cool\MVI_9256_skeleton.mp4,COOL
Adjectives\90. cool\MVI_9257_skeleton.mp4,COOL
Adjectives\90. cool\MVI_9258_skeleton.mp4,COOL
Adjectives\90. cool\MVI_9337_skeleton.mp4,COOL
Adjectives\90. cool\MVI_9338_skeleton.mp4,COOL
Adjectives\90. cool\MVI_9339_skeleton.mp4,COOL
Adjectives\90. cool\MVI_9418_skeleton.mp4,COOL
Adjectives\90. cool\MVI_9419_skeleton.mp4,COOL
Adjectives\90. cool\MVI_9420_skeleton.mp4,COOL
Adjectives\90. cool\MVI_9497_skeleton.mp4,COOL
Adjectives\90. cool\MVI_9498_skeleton.mp4,COOL
Adjectives\90. cool\MVI_9499_skeleton.mp4,COOL
Animals\5. Cow\MVI_2990_skeleton.mp4,COW
Animals\5. Cow\MVI_2991_skeleton.mp4,COW
Animals\5. Cow\MVI_2992_skeleton.mp4,COW
Animals\5. Cow\MVI_3015_skeleton.mp4,COW
Animals\5. Cow\MVI_3016_skeleton.mp4,COW
Animals\5. Cow\MVI_3017_skeleton.mp4,COW
Animals\5. Cow\MVI_3046_skeleton.mp4,COW
Animals\5. Cow\MVI_3047_skeleton.mp4,COW
Animals\5. Cow\MVI_3048_skeleton.mp4,COW
Animals\5. Cow\MVI_3049_skeleton.mp4,COW
Animals\5. Cow\MVI_3073_skeleton.mp4,COW
Animals\5. Cow\MVI_3074_skeleton.mp4,COW
Animals\5. Cow\MVI_3075_skeleton.mp4,COW
Animals\5. Cow\MVI_3097_skeleton.mp4,COW
Animals\5. Cow\MVI_3098_skeleton.mp4,COW
Animals\5. Cow\MVI_3099_skeleton.mp4,COW
Animals\5. Cow\MVI_4158_skeleton.mp4,COW
Animals\5. Cow\MVI_4159_skeleton.mp4,COW
Animals\5. Cow\MVI_4160_skeleton.mp4,COW
Animals\5. Cow\MVI_8569_skeleton.mp4,COW
Animals\5. Cow\MVI_8570_skeleton.mp4,COW
Adjectives\18. curved\MVI_9633_skeleton.mp4,CURVED
Adjectives\18. curved\MVI_9634_skeleton.mp4,CURVED
Adjectives\18. curved\MVI_9635_skeleton.mp4,CURVED
Adjectives\18. curved\MVI_9636_skeleton.mp4,CURVED
Adjectives\18. curved\MVI_9759_skeleton.mp4,CURVED
Adjectives\18. curved\MVI_9760_skeleton.mp4,CURVED
Adjectives\18. curved\MVI_9761_skeleton.mp4,CURVED
Adjectives\18. curved\MVI_9762_skeleton.mp4,CURVED
Adjectives\33. dead\MVI_9699_skeleton.mp4,DEAD
Adjectives\33. dead\MVI_9700_skeleton.mp4,DEAD
Adjectives\33. dead\MVI_9701_skeleton.mp4,DEAD
Adjectives\33. dead\MVI_9702_skeleton.mp4,DEAD
Adjectives\33. dead\MVI_9823_skeleton.mp4,DEAD
Adjectives\33. dead\MVI_9824_skeleton.mp4,DEAD
Adjectives\33. dead\MVI_9825_skeleton.mp4,DEAD
Adjectives\33. dead\MVI_9826_skeleton.mp4,DEAD
Adjectives\7. Deaf\MVI_9580_skeleton.mp4,DEAF
Adjectives\7. Deaf\MVI_9581_skeleton.mp4,DEAF
Adjectives\7. Deaf\MVI_9582_skeleton.mp4,DEAF
Adjectives\7. Deaf\MVI_9583_skeleton.mp4,DEAF
Adjectives\7. Deaf\MVI_9848_skeleton.mp4,DEAF
Adjectives\7. Deaf\MVI_9849_skeleton.mp4,DEAF
Adjectives\7. Deaf\MVI_9850_skeleton.mp4,DEAF
Adjectives\7. Deaf\MVI_9851_skeleton.mp4,DEAF
Society\2. Death\MVI_4255_skeleton.mp4,DEATH
Society\2. Death\MVI_4256_skeleton.mp4,DEATH
Society\2. Death\MVI_4257_skeleton.mp4,DEATH
Society\2. Death\MVI_4258_skeleton.mp4,DEATH
Society\2. Death\MVI_4800_skeleton.mp4,DEATH
Society\2. Death\MVI_4801_skeleton.mp4,DEATH
Society\2. Death\MVI_4802_skeleton.mp4,DEATH
Society\2. Death\MVI_8661_skeleton.mp4,DEATH
Society\2. Death\MVI_8662_skeleton.mp4,DEATH
Society\2. Death\MVI_8663_skeleton.mp4,DEATH
Society\2. Death\MVI_8664_skeleton.mp4,DEATH
Society\2. Death\MVI_8930_skeleton.mp4,DEATH
Society\2. Death\MVI_8931_skeleton.mp4,DEATH
Society\2. Death\MVI_8932_skeleton.mp4,DEATH
Adjectives\27. deep\MVI_9670_skeleton.mp4,DEEP
Adjectives\27. deep\MVI_9671_skeleton.mp4,DEEP
Adjectives\27. deep\MVI_9672_skeleton.mp4,DEEP
Adjectives\27. deep\MVI_9673_skeleton.mp4,DEEP
Adjectives\27. deep\MVI_9797_skeleton.mp4,DEEP
Adjectives\27. deep\MVI_9798_skeleton.mp4,DEEP
Adjectives\27. deep\MVI_9799_skeleton.mp4,DEEP
Adjectives\27. deep\MVI_9800_skeleton.mp4,DEEP
Adjectives\30. dirty\MVI_9684_skeleton.mp4,DIRTY
Adjectives\30. dirty\MVI_9685_skeleton.mp4,DIRTY
Adjectives\30. dirty\MVI_9686_skeleton.mp4,DIRTY
Adjectives\30. dirty\MVI_9687_skeleton.mp4,DIRTY
Adjectives\30. dirty\MVI_9810_skeleton.mp4,DIRTY
Adjectives\30. dirty\MVI_9811_skeleton.mp4,DIRTY
Adjectives\30. dirty\MVI_9812_skeleton.mp4,DIRTY
Adjectives\30. dirty\MVI_9813_skeleton.mp4,DIRTY
Animals\1. Dog\MVI_2978_skeleton.mp4,DOG
Animals\1. Dog\MVI_2979_skeleton.mp4,DOG
Animals\1. Dog\MVI_2980_skeleton.mp4,DOG
Animals\1. Dog\MVI_3002_skeleton.mp4,DOG
Animals\1. Dog\MVI_3003_skeleton.mp4,DOG
Animals\1. Dog\MVI_3004_skeleton.mp4,DOG
Animals\1. Dog\MVI_3028_skeleton.mp4,DOG
Animals\1. Dog\MVI_3029_skeleton.mp4,DOG
Animals\1. Dog\MVI_3030_skeleton.mp4,DOG
Animals\1. Dog\MVI_3059_skeleton.mp4,DOG
Animals\1. Dog\MVI_3060_skeleton.mp4,DOG
Animals\1. Dog\MVI_3061_skeleton.mp4,DOG
Animals\1. Dog\MVI_3085_skeleton.mp4,DOG
Animals\1. Dog\MVI_3086_skeleton.mp4,DOG
Animals\1. Dog\MVI_3087_skeleton.mp4,DOG
Animals\1. Dog\MVI_4146_skeleton.mp4,DOG
Animals\1. Dog\MVI_4147_skeleton.mp4,DOG
Animals\1. Dog\MVI_4148_skeleton.mp4,DOG
Animals\1. Dog\MVI_8560_skeleton.mp4,DOG
Animals\1. Dog\MVI_8561_skeleton.mp4,DOG
Adjectives\27. Dream\MVI_9012_skeleton.mp4,DREAM
Clothes\38. Dress\MVI_3693_skeleton.mp4,DRESS
Clothes\38. Dress\MVI_3694_skeleton.mp4,DRESS
Clothes\38. Dress\MVI_3696_skeleton.mp4,DRESS
Clothes\38. Dress\MVI_3838_skeleton.mp4,DRESS
Clothes\38. Dress\MVI_3839_skeleton.mp4,DRESS
Clothes\38. Dress\MVI_3840_skeleton.mp4,DRESS
Clothes\38. Dress\MVI_3987_skeleton.mp4,DRESS
Clothes\38. Dress\MVI_3988_skeleton.mp4,DRESS
Clothes\38. Dress\MVI_3989_skeleton.mp4,DRESS
Clothes\38. Dress\MVI_4198_skeleton.mp4,DRESS
Clothes\38. Dress\MVI_4868_skeleton.mp4,DRESS
Clothes\38. Dress\MVI_4869_skeleton.mp4,DRESS
Clothes\38. Dress\MVI_4870_skeleton.mp4,DRESS
Clothes\38. Dress\MVI_5009_skeleton.mp4,DRESS
Clothes\38. Dress\MVI_5010_skeleton.mp4,DRESS
Clothes\38. Dress\MVI_5011_skeleton.mp4,DRESS
Clothes\38. Dress\MVI_5157_skeleton.mp4,DRESS
Clothes\38. Dress\MVI_5158_skeleton.mp4,DRESS
Clothes\38. Dress\MVI_5159_skeleton.mp4,DRESS
Clothes\38. Dress\MVI_8601_skeleton.mp4,DRESS
Adjectives\97. dry\MVI_5167_skeleton.mp4,DRY
Adjectives\97. dry\MVI_5168_skeleton.mp4,DRY
Adjectives\97. dry\MVI_5169_skeleton.mp4,DRY
Adjectives\97. dry\MVI_5248_skeleton.mp4,DRY
Adjectives\97. dry\MVI_5249_skeleton.mp4,DRY
Adjectives\97. dry\MVI_5250_skeleton.mp4,DRY
Adjectives\97. dry\MVI_5326_skeleton.mp4,DRY
Adjectives\97. dry\MVI_5327_skeleton.mp4,DRY
Adjectives\97. dry\MVI_5328_skeleton.mp4,DRY
Adjectives\97. dry\MVI_9277_skeleton.mp4,DRY
Adjectives\97. dry\MVI_9278_skeleton.mp4,DRY
Adjectives\97. dry\MVI_9279_skeleton.mp4,DRY
Adjectives\97. dry\MVI_9359_skeleton.mp4,DRY
Adjectives\97. dry\MVI_9360_skeleton.mp4,DRY
Adjectives\97. dry\MVI_9361_skeleton.mp4,DRY
Adjectives\97. dry\MVI_9439_skeleton.mp4,DRY
Adjectives\97. dry\MVI_9440_skeleton.mp4,DRY
Adjectives\97. dry\MVI_9441_skeleton.mp4,DRY
Adjectives\97. dry\MVI_9521_skeleton.mp4,DRY
Adjectives\97. dry\MVI_9522_skeleton.mp4,DRY
Adjectives\97. dry\MVI_9523_skeleton.mp4,DRY
Society\14. Election\MVI_4304_skeleton.mp4,ELECTION
Society\14. Election\MVI_4305_skeleton.mp4,ELECTION
Society\14. Election\MVI_4306_skeleton.mp4,ELECTION
Society\14. Election\MVI_4307_skeleton.mp4,ELECTION
Society\14. Election\MVI_4839_skeleton.mp4,ELECTION
Society\14. Election\MVI_4840_skeleton.mp4,ELECTION
Society\14. Election\MVI_4841_skeleton.mp4,ELECTION
Society\14. Election\MVI_8710_skeleton.mp4,ELECTION
Society\14. Election\MVI_8711_skeleton.mp4,ELECTION
Society\14. Election\MVI_8712_skeleton.mp4,ELECTION
Society\14. Election\MVI_8713_skeleton.mp4,ELECTION
Society\14. Election\MVI_8967_skeleton.mp4,ELECTION
Society\14. Election\MVI_8968_skeleton.mp4,ELECTION
Society\14. Election\MVI_8969_skeleton.mp4,ELECTION
Society\10. Energy\MVI_4287_skeleton.mp4,ENERGY
Society\10. Energy\MVI_4288_skeleton.mp4,ENERGY
Society\10. Energy\MVI_4289_skeleton.mp4,ENERGY
Society\10. Energy\MVI_4290_skeleton.mp4,ENERGY
Society\10. Energy\MVI_4827_skeleton.mp4,ENERGY
Society\10. Energy\MVI_4828_skeleton.mp4,ENERGY
Society\10. Energy\MVI_4829_skeleton.mp4,ENERGY
Society\10. Energy\MVI_8693_skeleton.mp4,ENERGY
Society\10. Energy\MVI_8694_skeleton.mp4,ENERGY
Society\10. Energy\MVI_8695_skeleton.mp4,ENERGY
Society\10. Energy\MVI_8696_skeleton.mp4,ENERGY
Society\10. Energy\MVI_8954_skeleton.mp4,ENERGY
Society\10. Energy\MVI_8955_skeleton.mp4,ENERGY
Society\10. Energy\MVI_8956_skeleton.mp4,ENERGY
Seasons\Ex. Monsoon\MVI_4671_skeleton.mp4,EX MONSOON
Seasons\Ex. Monsoon\MVI_4672_skeleton.mp4,EX MONSOON
Seasons\Ex. Monsoon\MVI_4673_skeleton.mp4,EX MONSOON
Seasons\Ex. Monsoon\MVI_4674_skeleton.mp4,EX MONSOON
Seasons\Ex. Monsoon\MVI_5080_skeleton.mp4,EX MONSOON
Seasons\Ex. Monsoon\MVI_5081_skeleton.mp4,EX MONSOON
Seasons\Ex. Monsoon\MVI_5082_skeleton.mp4,EX MONSOON
Seasons\Ex. Monsoon\MVI_5528_skeleton.mp4,EX MONSOON
Seasons\Ex. Monsoon\MVI_5529_skeleton.mp4,EX MONSOON
Seasons\Ex. Monsoon\MVI_5530_skeleton.mp4,EX MONSOON
Seasons\Ex. Monsoon\MVI_5531_skeleton.mp4,EX MONSOON
Seasons\Ex. Monsoon\MVI_9205_skeleton.mp4,EX MONSOON
Seasons\Ex. Monsoon\MVI_9206_skeleton.mp4,EX MONSOON
Seasons\Ex. Monsoon\MVI_9207_skeleton.mp4,EX MONSOON
Society\18. Exercise\MVI_4320_skeleton.mp4,EXERCISE
Society\18. Exercise\MVI_4321_skeleton.mp4,EXERCISE
Society\18. Exercise\MVI_4322_skeleton.mp4,EXERCISE
Society\18. Exercise\MVI_4323_skeleton.mp4,EXERCISE
Society\18. Exercise\MVI_4851_skeleton.mp4,EXERCISE
Society\18. Exercise\MVI_4852_skeleton.mp4,EXERCISE
Society\18. Exercise\MVI_4853_skeleton.mp4,EXERCISE
Society\18. Exercise\MVI_8726_skeleton.mp4,EXERCISE
Society\18. Exercise\MVI_8727_skeleton.mp4,EXERCISE
Society\18. Exercise\MVI_8728_skeleton.mp4,EXERCISE
Society\18. Exercise\MVI_8729_skeleton.mp4,EXERCISE
Society\18. Exercise\MVI_8979_skeleton.mp4,EXERCISE
Society\18. Exercise\MVI_8980_skeleton.mp4,EXERCISE
Society\18. Exercise\MVI_8981_skeleton.mp4,EXERCISE
Adjectives\15. expensive\MVI_9613_skeleton.mp4,EXPENSIVE
Adjectives\15. expensive\MVI_9614_skeleton.mp4,EXPENSIVE
Adjectives\15. expensive\MVI_9615_skeleton.mp4,EXPENSIVE
Adjectives\15. expensive\MVI_9616_skeleton.mp4,EXPENSIVE
Adjectives\15. expensive\MVI_9746_skeleton.mp4,EXPENSIVE
Adjectives\15. expensive\MVI_9747_skeleton.mp4,EXPENSIVE
Adjectives\15. expensive\MVI_9748_skeleton.mp4,EXPENSIVE
Adjectives\15. expensive\MVI_9749_skeleton.mp4,EXPENSIVE
Seasons\64. Fall\MVI_4577_skeleton.mp4,FALL
Seasons\64. Fall\MVI_4578_skeleton.mp4,FALL
Seasons\64. Fall\MVI_4579_skeleton.mp4,FALL
Seasons\64. Fall\MVI_4580_skeleton.mp4,FALL
Seasons\64. Fall\MVI_4999_skeleton.mp4,FALL
Seasons\64. Fall\MVI_5000_skeleton.mp4,FALL
Seasons\64. Fall\MVI_5001_skeleton.mp4,FALL
Seasons\64. Fall\MVI_5433_skeleton.mp4,FALL
Seasons\64. Fall\MVI_5434_skeleton.mp4,FALL
Seasons\64. Fall\MVI_5435_skeleton.mp4,FALL
Seasons\64. Fall\MVI_5436_skeleton.mp4,FALL
Seasons\64. Fall\MVI_9132_skeleton.mp4,FALL
Seasons\64. Fall\MVI_9133_skeleton.mp4,FALL
Seasons\64. Fall\MVI_9134_skeleton.mp4,FALL
Seasons\64. Fall\MVI_9135_skeleton.mp4,FALL
Adjectives\39. famous\MVI_9715_skeleton.mp4,FAMOUS
Adjectives\39. famous\MVI_9716_skeleton.mp4,FAMOUS
Adjectives\39. famous\MVI_9717_skeleton.mp4,FAMOUS
Adjectives\39. famous\MVI_9718_skeleton.mp4,FAMOUS
Adjectives\39. famous\MVI_9839_skeleton.mp4,FAMOUS
Adjectives\39. famous\MVI_9841_skeleton.mp4,FAMOUS
Adjectives\39. famous\MVI_9842_skeleton.mp4,FAMOUS
Adjectives\39. famous\MVI_9843_skeleton.mp4,FAMOUS
Electronics\53. Fan\MVI_4532_skeleton.mp4,FAN
Electronics\53. Fan\MVI_4533_skeleton.mp4,FAN
Electronics\53. Fan\MVI_4534_skeleton.mp4,FAN
Electronics\53. Fan\MVI_4535_skeleton.mp4,FAN
Electronics\53. Fan\MVI_4536_skeleton.mp4,FAN
Electronics\53. Fan\MVI_4964_skeleton.mp4,FAN
Electronics\53. Fan\MVI_4965_skeleton.mp4,FAN
Electronics\53. Fan\MVI_4966_skeleton.mp4,FAN
Electronics\53. Fan\MVI_5387_skeleton.mp4,FAN
Electronics\53. Fan\MVI_5388_skeleton.mp4,FAN
Electronics\53. Fan\MVI_5389_skeleton.mp4,FAN
Electronics\53. Fan\MVI_5390_skeleton.mp4,FAN
Electronics\53. Fan\MVI_9097_skeleton.mp4,FAN
Electronics\53. Fan\MVI_9098_skeleton.mp4,FAN
Electronics\53. Fan\MVI_9099_skeleton.mp4,FAN
Adjectives\20. female\MVI_9642_skeleton.mp4,FEMALE
Adjectives\20. female\MVI_9643_skeleton.mp4,FEMALE
Adjectives\20. female\MVI_9644_skeleton.mp4,FEMALE
Adjectives\20. female\MVI_9645_skeleton.mp4,FEMALE
Adjectives\20. female\MVI_9767_skeleton.mp4,FEMALE
Adjectives\20. female\MVI_9768_skeleton.mp4,FEMALE
Adjectives\20. female\MVI_9769_skeleton.mp4,FEMALE
Adjectives\20. female\MVI_9770_skeleton.mp4,FEMALE
Animals\3. Fish\MVI_2984_skeleton.mp4,FISH
Animals\3. Fish\MVI_2985_skeleton.mp4,FISH
Animals\3. Fish\MVI_2986_skeleton.mp4,FISH
Animals\3. Fish\MVI_3008_skeleton.mp4,FISH
Animals\3. Fish\MVI_3009_skeleton.mp4,FISH
Animals\3. Fish\MVI_3010_skeleton.mp4,FISH
Animals\3. Fish\MVI_3034_skeleton.mp4,FISH
Animals\3. Fish\MVI_3035_skeleton.mp4,FISH
Animals\3. Fish\MVI_3036_skeleton.mp4,FISH
Animals\3. Fish\MVI_3067_skeleton.mp4,FISH
Animals\3. Fish\MVI_3068_skeleton.mp4,FISH
Animals\3. Fish\MVI_3069_skeleton.mp4,FISH
Animals\3. Fish\MVI_3091_skeleton.mp4,FISH
Animals\3. Fish\MVI_3092_skeleton.mp4,FISH
Animals\3. Fish\MVI_3093_skeleton.mp4,FISH
Animals\3. Fish\MVI_4152_skeleton.mp4,FISH
Animals\3. Fish\MVI_4153_skeleton.mp4,FISH
Animals\3. Fish\MVI_4154_skeleton.mp4,FISH
Animals\3. Fish\MVI_8565_skeleton.mp4,FISH
Animals\3. Fish\MVI_8566_skeleton.mp4,FISH
Adjectives\17. flat\MVI_9621_skeleton.mp4,FLAT
Adjectives\17. flat\MVI_9622_skeleton.mp4,FLAT
Adjectives\17. flat\MVI_9623_skeleton.mp4,FLAT
Adjectives\17. flat\MVI_9624_skeleton.mp4,FLAT
Adjectives\17. flat\MVI_9755_skeleton.mp4,FLAT
Adjectives\17. flat\MVI_9756_skeleton.mp4,FLAT
Adjectives\17. flat\MVI_9757_skeleton.mp4,FLAT
Adjectives\17. flat\MVI_9758_skeleton.mp4,FLAT
Society\23. God\MVI_4340_skeleton.mp4,GOD
Society\23. God\MVI_4341_skeleton.mp4,GOD
Society\23. God\MVI_4342_skeleton.mp4,GOD
Society\23. God\MVI_4343_skeleton.mp4,GOD
Society\23. God\MVI_4866_skeleton.mp4,GOD
Society\23. God\MVI_4867_skeleton.mp4,GOD
Society\23. God\MVI_4868_skeleton.mp4,GOD
Society\23. God\MVI_8746_skeleton.mp4,GOD
Society\23. God\MVI_8747_skeleton.mp4,GOD
Society\23. God\MVI_8748_skeleton.mp4,GOD
Society\23. God\MVI_8749_skeleton.mp4,GOD
Society\23. God\MVI_8995_skeleton.mp4,GOD
Society\23. God\MVI_8996_skeleton.mp4,GOD
Society\23. God\MVI_8997_skeleton.mp4,GOD
Adjectives\94. good\MVI_5158_skeleton.mp4,GOOD
Adjectives\94. good\MVI_5159_skeleton.mp4,GOOD
Adjectives\94. good\MVI_5160_skeleton.mp4,GOOD
Adjectives\94. good\MVI_5238_skeleton.mp4,GOOD
Adjectives\94. good\MVI_5239_skeleton.mp4,GOOD
Adjectives\94. good\MVI_5240_skeleton.mp4,GOOD
Adjectives\94. good\MVI_5316_skeleton.mp4,GOOD
Adjectives\94. good\MVI_5317_skeleton.mp4,GOOD
Adjectives\94. good\MVI_5318_skeleton.mp4,GOOD
Adjectives\94. good\MVI_9268_skeleton.mp4,GOOD
Adjectives\94. good\MVI_9269_skeleton.mp4,GOOD
Adjectives\94. good\MVI_9270_skeleton.mp4,GOOD
Adjectives\94. good\MVI_9349_skeleton.mp4,GOOD
Adjectives\94. good\MVI_9350_skeleton.mp4,GOOD
Adjectives\94. good\MVI_9351_skeleton.mp4,GOOD
Adjectives\94. good\MVI_9430_skeleton.mp4,GOOD
Adjectives\94. good\MVI_9431_skeleton.mp4,GOOD
Adjectives\94. good\MVI_9432_skeleton.mp4,GOOD
Adjectives\94. good\MVI_9510_skeleton.mp4,GOOD
Adjectives\94. good\MVI_9511_skeleton.mp4,GOOD
Adjectives\94. good\MVI_9512_skeleton.mp4,GOOD
Greetings\53. Good evening\MVI_0001_skeleton.mp4,GOOD EVENING
Greetings\53. Good evening\MVI_0052_skeleton.mp4,GOOD EVENING
Greetings\53. Good evening\MVI_0053_skeleton.mp4,GOOD EVENING
Greetings\53. Good evening\MVI_0054_skeleton.mp4,GOOD EVENING
Greetings\53. Good evening\MVI_0055_skeleton.mp4,GOOD EVENING
Greetings\53. Good evening\MVI_005_4 (1)_skeleton.mp4,GOOD EVENING
Greetings\53. Good evening\MVI_005_4 (2)_skeleton.mp4,GOOD EVENING
Greetings\53. Good evening\MVI_005_4 (3)_skeleton.mp4,GOOD EVENING
Greetings\53. Good evening\MVI_0105_skeleton.mp4,GOOD EVENING
Greetings\53. Good evening\MVI_0106_skeleton.mp4,GOOD EVENING
Greetings\53. Good evening\MVI_0107_skeleton.mp4,GOOD EVENING
Greetings\53. Good evening\MVI_9940_skeleton.mp4,GOOD EVENING
Greetings\53. Good evening\MVI_9941_skeleton.mp4,GOOD EVENING
Greetings\53. Good evening\MVI_9942_skeleton.mp4,GOOD EVENING
Greetings\53. Good evening\MVI_9943_skeleton.mp4,GOOD EVENING
Greetings\53. Good evening\MVI_9976_skeleton.mp4,GOOD EVENING
Greetings\53. Good evening\MVI_9977_skeleton.mp4,GOOD EVENING
Greetings\53. Good evening\MVI_9978_skeleton.mp4,GOOD EVENING
Greetings\53. Good evening\MVI_9979_skeleton.mp4,GOOD EVENING
Greetings\53. Good evening\MVI_9998_skeleton.mp4,GOOD EVENING
Greetings\53. Good evening\MVI_9999_skeleton.mp4,GOOD EVENING
Greetings\54. Good night\MVI_0002_skeleton.mp4,GOOD NIGHT
Greetings\54. Good night\MVI_0003_skeleton.mp4,GOOD NIGHT
Greetings\54. Good night\MVI_0004_skeleton.mp4,GOOD NIGHT
Greetings\54. Good night\MVI_0055_skeleton.mp4,GOOD NIGHT
Greetings\54. Good night\MVI_0056_skeleton.mp4,GOOD NIGHT
Greetings\54. Good night\MVI_0057__skeleton.mp4,GOOD NIGHT
Greetings\54. Good night\MVI_0057_skeleton.mp4,GOOD NIGHT
Greetings\54. Good night\MVI_0058_skeleton.mp4,GOOD NIGHT
Greetings\54. Good night\MVI_0059_skeleton.mp4,GOOD NIGHT
Greetings\54. Good night\MVI_005_6_skeleton.mp4,GOOD NIGHT
Greetings\54. Good night\MVI_0108_skeleton.mp4,GOOD NIGHT
Greetings\54. Good night\MVI_0109_skeleton.mp4,GOOD NIGHT
Greetings\54. Good night\MVI_0110_skeleton.mp4,GOOD NIGHT
Greetings\54. Good night\MVI_9944_skeleton.mp4,GOOD NIGHT
Greetings\54. Good night\MVI_9945_skeleton.mp4,GOOD NIGHT
Greetings\54. Good night\MVI_9946_skeleton.mp4,GOOD NIGHT
Greetings\54. Good night\MVI_9947_skeleton.mp4,GOOD NIGHT
Greetings\54. Good night\MVI_9980_skeleton.mp4,GOOD NIGHT
Greetings\54. Good night\MVI_9981_skeleton.mp4,GOOD NIGHT
Greetings\54. Good night\MVI_9982_skeleton.mp4,GOOD NIGHT
Greetings\54. Good night\MVI_9983_skeleton.mp4,GOOD NIGHT
Colours\48. Green\MVI_4901_skeleton.mp4,GREEN
Colours\48. Green\MVI_4902_skeleton.mp4,GREEN
Colours\48. Green\MVI_5042_skeleton.mp4,GREEN
Colours\48. Green\MVI_5187_skeleton.mp4,GREEN
Colours\48. Green\MVI_5188_skeleton.mp4,GREEN
Colours\48. Green\MVI_5189_skeleton.mp4,GREEN
Colours\48. Green\MVI_8613_skeleton.mp4,GREEN
Colours\56. Grey\MVI_3746_skeleton.mp4,GREY
Colours\56. Grey\MVI_3747_skeleton.mp4,GREY
Colours\56. Grey\MVI_3748_skeleton.mp4,GREY
Colours\56. Grey\MVI_3749_skeleton.mp4,GREY
Colours\56. Grey\MVI_3894_skeleton.mp4,GREY
Colours\56. Grey\MVI_3895_skeleton.mp4,GREY
Colours\56. Grey\MVI_3896_skeleton.mp4,GREY
Colours\56. Grey\MVI_4045_skeleton.mp4,GREY
Colours\56. Grey\MVI_4046_skeleton.mp4,GREY
Colours\56. Grey\MVI_4047_skeleton.mp4,GREY
Colours\56. Grey\MVI_4217_skeleton.mp4,GREY
Colours\56. Grey\MVI_4924_skeleton.mp4,GREY
Colours\56. Grey\MVI_4926_skeleton.mp4,GREY
Colours\56. Grey\MVI_4927_skeleton.mp4,GREY
Colours\56. Grey\MVI_5064_skeleton.mp4,GREY
Colours\56. Grey\MVI_5065_skeleton.mp4,GREY
Colours\56. Grey\MVI_5066_skeleton.mp4,GREY
Colours\56. Grey\MVI_5212_skeleton.mp4,GREY
Colours\56. Grey\MVI_5213_skeleton.mp4,GREY
Colours\56. Grey\MVI_5214_skeleton.mp4,GREY
Colours\56. Grey\MVI_8621_skeleton.mp4,GREY
Society\16. Gun\MVI_4312_skeleton.mp4,GUN
Society\16. Gun\MVI_4313_skeleton.mp4,GUN
Society\16. Gun\MVI_4314_skeleton.mp4,GUN
Society\16. Gun\MVI_4315_skeleton.mp4,GUN
Society\16. Gun\MVI_4845_skeleton.mp4,GUN
Society\16. Gun\MVI_4846_skeleton.mp4,GUN
Society\16. Gun\MVI_4847_skeleton.mp4,GUN
Society\16. Gun\MVI_8718_skeleton.mp4,GUN
Society\16. Gun\MVI_8719_skeleton.mp4,GUN
Society\16. Gun\MVI_8720_skeleton.mp4,GUN
Society\16. Gun\MVI_8721_skeleton.mp4,GUN
Society\16. Gun\MVI_8973_skeleton.mp4,GUN
Society\16. Gun\MVI_8974_skeleton.mp4,GUN
Society\16. Gun\MVI_8975_skeleton.mp4,GUN
Adjectives\3. happy\MVI_5183_skeleton.mp4,HAPPY
Adjectives\3. happy\MVI_5184_skeleton.mp4,HAPPY
Adjectives\3. happy\MVI_5185_skeleton.mp4,HAPPY
Adjectives\3. happy\MVI_5263_skeleton.mp4,HAPPY
Adjectives\3. happy\MVI_5264_skeleton.mp4,HAPPY
Adjectives\3. happy\MVI_5265_skeleton.mp4,HAPPY
Adjectives\3. happy\MVI_5341_skeleton.mp4,HAPPY
Adjectives\3. happy\MVI_5342_skeleton.mp4,HAPPY
Adjectives\3. happy\MVI_5343_skeleton.mp4,HAPPY
Adjectives\3. happy\MVI_9295_skeleton.mp4,HAPPY
Adjectives\3. happy\MVI_9296_skeleton.mp4,HAPPY
Adjectives\3. happy\MVI_9297_skeleton.mp4,HAPPY
Adjectives\3. happy\MVI_9374_skeleton.mp4,HAPPY
Adjectives\3. happy\MVI_9375_skeleton.mp4,HAPPY
Adjectives\3. happy\MVI_9376_skeleton.mp4,HAPPY
Adjectives\3. happy\MVI_9454_skeleton.mp4,HAPPY
Adjectives\3. happy\MVI_9455_skeleton.mp4,HAPPY
Adjectives\3. happy\MVI_9456_skeleton.mp4,HAPPY
Adjectives\3. happy\MVI_9540_skeleton.mp4,HAPPY
Adjectives\3. happy\MVI_9541_skeleton.mp4,HAPPY
Adjectives\3. happy\MVI_9542_skeleton.mp4,HAPPY
Adjectives\26. hard\MVI_9666_skeleton.mp4,HARD
Adjectives\26. hard\MVI_9667_skeleton.mp4,HARD
Adjectives\26. hard\MVI_9668_skeleton.mp4,HARD
Adjectives\26. hard\MVI_9669_skeleton.mp4,HARD
Adjectives\26. hard\MVI_9793_skeleton.mp4,HARD
Adjectives\26. hard\MVI_9794_skeleton.mp4,HARD
Adjectives\26. hard\MVI_9795_skeleton.mp4,HARD
Adjectives\26. hard\MVI_9796_skeleton.mp4,HARD
Clothes\37. Hat\MVI_3688_skeleton.mp4,HAT
Clothes\37. Hat\MVI_3690_skeleton.mp4,HAT
Clothes\37. Hat\MVI_3691_skeleton.mp4,HAT
Clothes\37. Hat\MVI_3835_skeleton.mp4,HAT
Clothes\37. Hat\MVI_3836_skeleton.mp4,HAT
Clothes\37. Hat\MVI_3837_skeleton.mp4,HAT
Clothes\37. Hat\MVI_3984_skeleton.mp4,HAT
Clothes\37. Hat\MVI_3985_skeleton.mp4,HAT
Clothes\37. Hat\MVI_3986_skeleton.mp4,HAT
Clothes\37. Hat\MVI_4197_skeleton.mp4,HAT
Clothes\37. Hat\MVI_4865_skeleton.mp4,HAT
Clothes\37. Hat\MVI_4866_skeleton.mp4,HAT
Clothes\37. Hat\MVI_4867_skeleton.mp4,HAT
Clothes\37. Hat\MVI_5006_skeleton.mp4,HAT
Clothes\37. Hat\MVI_5007_skeleton.mp4,HAT
Clothes\37. Hat\MVI_5008_skeleton.mp4,HAT
Clothes\37. Hat\MVI_5154_skeleton.mp4,HAT
Clothes\37. Hat\MVI_5155_skeleton.mp4,HAT
Clothes\37. Hat\MVI_5156_skeleton.mp4,HAT
Clothes\37. Hat\MVI_8600_skeleton.mp4,HAT
Pronouns\42. he\MVI_0005_skeleton.mp4,HE
Pronouns\42. he\MVI_0006_skeleton.mp4,HE
Pronouns\42. he\MVI_0007_skeleton.mp4,HE
Pronouns\42. he\MVI_0008_skeleton.mp4,HE
Pronouns\42. he\MVI_0018_skeleton.mp4,HE
Pronouns\42. he\MVI_0019_skeleton.mp4,HE
Pronouns\42. he\MVI_0020_skeleton.mp4,HE
Pronouns\42. he\MVI_0070_skeleton.mp4,HE
Pronouns\42. he\MVI_0071_skeleton.mp4,HE
Pronouns\42. he\MVI_0072_skeleton.mp4,HE
Pronouns\42. he\MVI_9889_skeleton.mp4,HE
Pronouns\42. he\MVI_9890_skeleton.mp4,HE
Pronouns\42. he\MVI_9891_skeleton.mp4,HE
Pronouns\42. he\MVI_9892_skeleton.mp4,HE
Pronouns\42. he\MVI_9927_skeleton.mp4,HE
Pronouns\42. he\MVI_9928_skeleton.mp4,HE
Pronouns\42. he\MVI_9930_skeleton.mp4,HE
Pronouns\42. he\MVI_9931_skeleton.mp4,HE
Pronouns\42. he\MVI_9963_skeleton.mp4,HE
Pronouns\42. he\MVI_9964_skeleton.mp4,HE
Pronouns\42. he\MVI_9965_skeleton.mp4,HE
Adjectives\99. healthy\MVI_5173_skeleton.mp4,HEALTHY
Adjectives\99. healthy\MVI_5174_skeleton.mp4,HEALTHY
Adjectives\99. healthy\MVI_5175_skeleton.mp4,HEALTHY
Adjectives\99. healthy\MVI_5254_skeleton.mp4,HEALTHY
Adjectives\99. healthy\MVI_5255_skeleton.mp4,HEALTHY
Adjectives\99. healthy\MVI_5256_skeleton.mp4,HEALTHY
Adjectives\99. healthy\MVI_5332_skeleton.mp4,HEALTHY
Adjectives\99. healthy\MVI_5333_skeleton.mp4,HEALTHY
Adjectives\99. healthy\MVI_5334_skeleton.mp4,HEALTHY
Adjectives\99. healthy\MVI_9286_skeleton.mp4,HEALTHY
Adjectives\99. healthy\MVI_9287_skeleton.mp4,HEALTHY
Adjectives\99. healthy\MVI_9288_skeleton.mp4,HEALTHY
Adjectives\99. healthy\MVI_9365_skeleton.mp4,HEALTHY
Adjectives\99. healthy\MVI_9366_skeleton.mp4,HEALTHY
Adjectives\99. healthy\MVI_9367_skeleton.mp4,HEALTHY
Adjectives\99. healthy\MVI_9445_skeleton.mp4,HEALTHY
Adjectives\99. healthy\MVI_9446_skeleton.mp4,HEALTHY
Adjectives\99. healthy\MVI_9447_skeleton.mp4,HEALTHY
Adjectives\99. healthy\MVI_9530_skeleton.mp4,HEALTHY
Adjectives\99. healthy\MVI_9531_skeleton.mp4,HEALTHY
Adjectives\99. healthy\MVI_9532_skeleton.mp4,HEALTHY
Adjectives\35. heavy\MVI_9707_skeleton.mp4,HEAVY
Adjectives\35. heavy\MVI_9708_skeleton.mp4,HEAVY
Adjectives\35. heavy\MVI_9709_skeleton.mp4,HEAVY
Adjectives\35. heavy\MVI_9710_skeleton.mp4,HEAVY
Adjectives\35. heavy\MVI_9831_skeleton.mp4,HEAVY
Adjectives\35. heavy\MVI_9832_skeleton.mp4,HEAVY
Adjectives\35. heavy\MVI_9833_skeleton.mp4,HEAVY
Adjectives\35. heavy\MVI_9834_skeleton.mp4,HEAVY
Adjectives\23. high\MVI_9654_skeleton.mp4,HIGH
Adjectives\23. high\MVI_9655_skeleton.mp4,HIGH
Adjectives\23. high\MVI_9656_skeleton.mp4,HIGH
Adjectives\23. high\MVI_9657_skeleton.mp4,HIGH
Adjectives\23. high\MVI_9780_skeleton.mp4,HIGH
Adjectives\23. high\MVI_9781_skeleton.mp4,HIGH
Adjectives\23. high\MVI_9782_skeleton.mp4,HIGH
Adjectives\23. high\MVI_9783_skeleton.mp4,HIGH
Animals\7. Horse\MVI_2996_skeleton.mp4,HORSE
Animals\7. Horse\MVI_2997_skeleton.mp4,HORSE
Animals\7. Horse\MVI_2998_skeleton.mp4,HORSE
Animals\7. Horse\MVI_3021_skeleton.mp4,HORSE
Animals\7. Horse\MVI_3022_skeleton.mp4,HORSE
Animals\7. Horse\MVI_3023_skeleton.mp4,HORSE
Animals\7. Horse\MVI_3053_skeleton.mp4,HORSE
Animals\7. Horse\MVI_3054_skeleton.mp4,HORSE
Animals\7. Horse\MVI_3055_skeleton.mp4,HORSE
Animals\7. Horse\MVI_3079_skeleton.mp4,HORSE
Animals\7. Horse\MVI_3080_skeleton.mp4,HORSE
Animals\7. Horse\MVI_3081_skeleton.mp4,HORSE
Animals\7. Horse\MVI_3103_skeleton.mp4,HORSE
Animals\7. Horse\MVI_3104_skeleton.mp4,HORSE
Animals\7. Horse\MVI_3105_skeleton.mp4,HORSE
Animals\7. Horse\MVI_4164_skeleton.mp4,HORSE
Animals\7. Horse\MVI_4165_skeleton.mp4,HORSE
Animals\7. Horse\MVI_4166_skeleton.mp4,HORSE
Animals\7. Horse\MVI_8574_skeleton.mp4,HORSE
Animals\7. Horse\MVI_8575_skeleton.mp4,HORSE
Adjectives\87. hot\MVI_5136_skeleton.mp4,HOT
Adjectives\87. hot\MVI_5137_skeleton.mp4,HOT
Adjectives\87. hot\MVI_5138_skeleton.mp4,HOT
Adjectives\87. hot\MVI_5216_skeleton.mp4,HOT
Adjectives\87. hot\MVI_5217_skeleton.mp4,HOT
Adjectives\87. hot\MVI_5218_skeleton.mp4,HOT
Adjectives\87. hot\MVI_5295_skeleton.mp4,HOT
Adjectives\87. hot\MVI_5296_skeleton.mp4,HOT
Adjectives\87. hot\MVI_5297_skeleton.mp4,HOT
Adjectives\87. hot\MVI_9247_skeleton.mp4,HOT
Adjectives\87. hot\MVI_9248_skeleton.mp4,HOT
Adjectives\87. hot\MVI_9249_skeleton.mp4,HOT
Adjectives\87. hot\MVI_9328_skeleton.mp4,HOT
Adjectives\87. hot\MVI_9329_skeleton.mp4,HOT
Adjectives\87. hot\MVI_9330_skeleton.mp4,HOT
Adjectives\87. hot\MVI_9408_skeleton.mp4,HOT
Adjectives\87. hot\MVI_9409_skeleton.mp4,HOT
Adjectives\87. hot\MVI_9410_skeleton.mp4,HOT
Adjectives\87. hot\MVI_9487_skeleton.mp4,HOT
Adjectives\87. hot\MVI_9488_skeleton.mp4,HOT
Adjectives\87. hot\MVI_9489_skeleton.mp4,HOT
Pronouns\40. I\MVI_0001_skeleton.mp4,I
Pronouns\40. I\MVI_0002_skeleton.mp4,I
Pronouns\40. I\MVI_0003_skeleton.mp4,I
Pronouns\40. I\MVI_0012_skeleton.mp4,I
Pronouns\40. I\MVI_0013_skeleton.mp4,I
Pronouns\40. I\MVI_0014_skeleton.mp4,I
Pronouns\40. I\MVI_0064_skeleton.mp4,I
Pronouns\40. I\MVI_0065_skeleton.mp4,I
Pronouns\40. I\MVI_0066_skeleton.mp4,I
Pronouns\40. I\MVI_9878_skeleton.mp4,I
Pronouns\40. I\MVI_9879_skeleton.mp4,I
Pronouns\40. I\MVI_9880_skeleton.mp4,I
Pronouns\40. I\MVI_9881_skeleton.mp4,I
Pronouns\40. I\MVI_9918_skeleton.mp4,I
Pronouns\40. I\MVI_9919_skeleton.mp4,I
Pronouns\40. I\MVI_9920_skeleton.mp4,I
Pronouns\40. I\MVI_9922_skeleton.mp4,I
Pronouns\40. I\MVI_9957_skeleton.mp4,I
Pronouns\40. I\MVI_9958_skeleton.mp4,I
Pronouns\40. I\MVI_9959_skeleton.mp4,I
Pronouns\40. I\MVI_9995_skeleton.mp4,I
Pronouns\44. it\MVI_0013_skeleton.mp4,IT
Pronouns\44. it\MVI_0014_skeleton.mp4,IT
Pronouns\44. it\MVI_0015_skeleton.mp4,IT
Pronouns\44. it\MVI_0016_skeleton.mp4,IT
Pronouns\44. it\MVI_0024_skeleton.mp4,IT
Pronouns\44. it\MVI_0025_skeleton.mp4,IT
Pronouns\44. it\MVI_0026_skeleton.mp4,IT
Pronouns\44. it\MVI_0076_skeleton.mp4,IT
Pronouns\44. it\MVI_0077_skeleton.mp4,IT
Pronouns\44. it\MVI_0078_skeleton.mp4,IT
Pronouns\44. it\MVI_9897_skeleton.mp4,IT
Pronouns\44. it\MVI_9898_skeleton.mp4,IT
Pronouns\44. it\MVI_9899_skeleton.mp4,IT
Pronouns\44. it\MVI_9900_skeleton.mp4,IT
Pronouns\44. it\MVI_9936_skeleton.mp4,IT
Pronouns\44. it\MVI_9937_skeleton.mp4,IT
Pronouns\44. it\MVI_9938_skeleton.mp4,IT
Pronouns\44. it\MVI_9939_skeleton.mp4,IT
Pronouns\44. it\MVI_9969_skeleton.mp4,IT
Pronouns\44. it\MVI_9970_skeleton.mp4,IT
Pronouns\44. it\MVI_9971_skeleton.mp4,IT
Electronics\52. Lamp\MVI_4528_skeleton.mp4,LAMP
Electronics\52. Lamp\MVI_4529_skeleton.mp4,LAMP
Electronics\52. Lamp\MVI_4530_skeleton.mp4,LAMP
Electronics\52. Lamp\MVI_4531_skeleton.mp4,LAMP
Electronics\52. Lamp\MVI_4961_skeleton.mp4,LAMP
Electronics\52. Lamp\MVI_4962_skeleton.mp4,LAMP
Electronics\52. Lamp\MVI_4963_skeleton.mp4,LAMP
Electronics\52. Lamp\MVI_5383_skeleton.mp4,LAMP
Electronics\52. Lamp\MVI_5384_skeleton.mp4,LAMP
Electronics\52. Lamp\MVI_5385_skeleton.mp4,LAMP
Electronics\52. Lamp\MVI_5386_skeleton.mp4,LAMP
Electronics\52. Lamp\MVI_9094_skeleton.mp4,LAMP
Electronics\52. Lamp\MVI_9095_skeleton.mp4,LAMP
Electronics\52. Lamp\MVI_9096_skeleton.mp4,LAMP
Electronics\56. Laptop\MVI_4545_skeleton.mp4,LAPTOP
Electronics\56. Laptop\MVI_4546_skeleton.mp4,LAPTOP
Electronics\56. Laptop\MVI_4547_skeleton.mp4,LAPTOP
Electronics\56. Laptop\MVI_4548_skeleton.mp4,LAPTOP
Electronics\56. Laptop\MVI_4973_skeleton.mp4,LAPTOP
Electronics\56. Laptop\MVI_4974_skeleton.mp4,LAPTOP
Electronics\56. Laptop\MVI_4975_skeleton.mp4,LAPTOP
Electronics\56. Laptop\MVI_5399_skeleton.mp4,LAPTOP
Electronics\56. Laptop\MVI_5400_skeleton.mp4,LAPTOP
Electronics\56. Laptop\MVI_5401_skeleton.mp4,LAPTOP
Electronics\56. Laptop\MVI_5402_skeleton.mp4,LAPTOP
Electronics\56. Laptop\MVI_9106_skeleton.mp4,LAPTOP
Electronics\56. Laptop\MVI_9107_skeleton.mp4,LAPTOP
Electronics\56. Laptop\MVI_9108_skeleton.mp4,LAPTOP
Adjectives\36. light\MVI_9711_skeleton.mp4,LIGHT
Adjectives\36. light\MVI_9712_skeleton.mp4,LIGHT
Adjectives\36. light\MVI_9713_skeleton.mp4,LIGHT
Adjectives\36. light\MVI_9714_skeleton.mp4,LIGHT
Adjectives\36. light\MVI_9835_skeleton.mp4,LIGHT
Adjectives\36. light\MVI_9836_skeleton.mp4,LIGHT
Adjectives\36. light\MVI_9837_skeleton.mp4,LIGHT
Adjectives\36. light\MVI_9838_skeleton.mp4,LIGHT
Adjectives\78. long\MVI_5106_skeleton.mp4,LONG
Adjectives\78. long\MVI_5107_skeleton.mp4,LONG
Adjectives\78. long\MVI_5108_skeleton.mp4,LONG
Adjectives\78. long\MVI_5186_skeleton.mp4,LONG
Adjectives\78. long\MVI_5187_skeleton.mp4,LONG
Adjectives\78. long\MVI_5188_skeleton.mp4,LONG
Adjectives\78. long\MVI_5266_skeleton.mp4,LONG
Adjectives\78. long\MVI_5267_skeleton.mp4,LONG
Adjectives\78. long\MVI_5268_skeleton.mp4,LONG
Adjectives\78. long\MVI_9217_skeleton.mp4,LONG
Adjectives\78. long\MVI_9218_skeleton.mp4,LONG
Adjectives\78. long\MVI_9219_skeleton.mp4,LONG
Adjectives\78. long\MVI_9298_skeleton.mp4,LONG
Adjectives\78. long\MVI_9299_skeleton.mp4,LONG
Adjectives\78. long\MVI_9300_skeleton.mp4,LONG
Adjectives\78. long\MVI_9377_skeleton.mp4,LONG
Adjectives\78. long\MVI_9378_skeleton.mp4,LONG
Adjectives\78. long\MVI_9379_skeleton.mp4,LONG
Adjectives\78. long\MVI_9458_skeleton.mp4,LONG
Adjectives\78. long\MVI_9459_skeleton.mp4,LONG
Adjectives\78. long\MVI_9460_skeleton.mp4,LONG
Adjectives\22. loose\MVI_9650_skeleton.mp4,LOOSE
Adjectives\22. loose\MVI_9651_skeleton.mp4,LOOSE
Adjectives\22. loose\MVI_9652_skeleton.mp4,LOOSE
Adjectives\22. loose\MVI_9653_skeleton.mp4,LOOSE
Adjectives\22. loose\MVI_9775_skeleton.mp4,LOOSE
Adjectives\22. loose\MVI_9776_skeleton.mp4,LOOSE
Adjectives\22. loose\MVI_9777_skeleton.mp4,LOOSE
Adjectives\22. loose\MVI_9778_skeleton.mp4,LOOSE
Adjectives\1. loud\MVI_5177_skeleton.mp4,LOUD
Adjectives\1. loud\MVI_5178_skeleton.mp4,LOUD
Adjectives\1. loud\MVI_5179_skeleton.mp4,LOUD
Adjectives\1. loud\MVI_5257_skeleton.mp4,LOUD
Adjectives\1. loud\MVI_5258_skeleton.mp4,LOUD
Adjectives\1. loud\MVI_5259_skeleton.mp4,LOUD
Adjectives\1. loud\MVI_5335_skeleton.mp4,LOUD
Adjectives\1. loud\MVI_5336_skeleton.mp4,LOUD
Adjectives\1. loud\MVI_5337_skeleton.mp4,LOUD
Adjectives\1. loud\MVI_9289 (1)_skeleton.mp4,LOUD
Adjectives\1. loud\MVI_9289_skeleton.mp4,LOUD
Adjectives\1. loud\MVI_9290_skeleton.mp4,LOUD
Adjectives\1. loud\MVI_9291_skeleton.mp4,LOUD
Adjectives\1. loud\MVI_9368_skeleton.mp4,LOUD
Adjectives\1. loud\MVI_9369_skeleton.mp4,LOUD
Adjectives\1. loud\MVI_9370_skeleton.mp4,LOUD
Adjectives\1. loud\MVI_9448_skeleton.mp4,LOUD
Adjectives\1. loud\MVI_9449_skeleton.mp4,LOUD
Adjectives\1. loud\MVI_9450_skeleton.mp4,LOUD
Adjectives\1. loud\MVI_9534_skeleton.mp4,LOUD
Adjectives\1. loud\MVI_9535_skeleton.mp4,LOUD
Adjectives\1. loud\MVI_9536_skeleton.mp4,LOUD
Adjectives\24. low\MVI_9658_skeleton.mp4,LOW
Adjectives\24. low\MVI_9659_skeleton.mp4,LOW
Adjectives\24. low\MVI_9660_skeleton.mp4,LOW
Adjectives\24. low\MVI_9661_skeleton.mp4,LOW
Adjectives\24. low\MVI_9784_skeleton.mp4,LOW
Adjectives\24. low\MVI_9785_skeleton.mp4,LOW
Adjectives\24. low\MVI_9786_skeleton.mp4,LOW
Adjectives\24. low\MVI_9787_skeleton.mp4,LOW
Adjectives\19. male\MVI_9637_skeleton.mp4,MALE
Adjectives\19. male\MVI_9638_skeleton.mp4,MALE
Adjectives\19. male\MVI_9639_skeleton.mp4,MALE
Adjectives\19. male\MVI_9640_skeleton.mp4,MALE
Adjectives\19. male\MVI_9763_skeleton.mp4,MALE
Adjectives\19. male\MVI_9764_skeleton.mp4,MALE
Adjectives\19. male\MVI_9765_skeleton.mp4,MALE
Adjectives\19. male\MVI_9766_skeleton.mp4,MALE
Society\6. Marriage\MVI_4271_skeleton.mp4,MARRIAGE
Society\6. Marriage\MVI_4272_skeleton.mp4,MARRIAGE
Society\6. Marriage\MVI_4273_skeleton.mp4,MARRIAGE
Society\6. Marriage\MVI_4274_skeleton.mp4,MARRIAGE
Society\6. Marriage\MVI_4815_skeleton.mp4,MARRIAGE
Society\6. Marriage\MVI_4816_skeleton.mp4,MARRIAGE
Society\6. Marriage\MVI_4817_skeleton.mp4,MARRIAGE
Society\6. Marriage\MVI_8677_skeleton.mp4,MARRIAGE
Society\6. Marriage\MVI_8678_skeleton.mp4,MARRIAGE
Society\6. Marriage\MVI_8679_skeleton.mp4,MARRIAGE
Society\6. Marriage\MVI_8680_skeleton.mp4,MARRIAGE
Society\6. Marriage\MVI_8942_skeleton.mp4,MARRIAGE
Society\6. Marriage\MVI_8943_skeleton.mp4,MARRIAGE
Society\6. Marriage\MVI_8944_skeleton.mp4,MARRIAGE
Adjectives\10. Mean\MVI_9592_skeleton.mp4,MEAN
Adjectives\10. Mean\MVI_9593_skeleton.mp4,MEAN
Adjectives\10. Mean\MVI_9594_skeleton.mp4,MEAN
Adjectives\10. Mean\MVI_9595_skeleton.mp4,MEAN
Adjectives\10. Mean\MVI_9729_skeleton.mp4,MEAN
Adjectives\10. Mean\MVI_9730_skeleton.mp4,MEAN
Adjectives\10. Mean\MVI_9731_skeleton.mp4,MEAN
Adjectives\10. Mean\MVI_9732_skeleton.mp4,MEAN
Society\3. Medicine\MVI_4259_skeleton.mp4,MEDICINE
Society\3. Medicine\MVI_4260_skeleton.mp4,MEDICINE
Society\3. Medicine\MVI_4261_skeleton.mp4,MEDICINE
Society\3. Medicine\MVI_4262_skeleton.mp4,MEDICINE
Society\3. Medicine\MVI_4803_skeleton.mp4,MEDICINE
Society\3. Medicine\MVI_4804_skeleton.mp4,MEDICINE
Society\3. Medicine\MVI_4805_skeleton.mp4,MEDICINE
Society\3. Medicine\MVI_8665_skeleton.mp4,MEDICINE
Society\3. Medicine\MVI_8666_skeleton.mp4,MEDICINE
Society\3. Medicine\MVI_8667_skeleton.mp4,MEDICINE
Society\3. Medicine\MVI_8668_skeleton.mp4,MEDICINE
Society\3. Medicine\MVI_8933_skeleton.mp4,MEDICINE
Society\3. Medicine\MVI_8934_skeleton.mp4,MEDICINE
Society\3. Medicine\MVI_8935_skeleton.mp4,MEDICINE
Society\4. Money\MVI_4263_skeleton.mp4,MONEY
Society\4. Money\MVI_4264_skeleton.mp4,MONEY
Society\4. Money\MVI_4265_skeleton.mp4,MONEY
Society\4. Money\MVI_4266_skeleton.mp4,MONEY
Society\4. Money\MVI_4806_skeleton.mp4,MONEY
Society\4. Money\MVI_4807_skeleton.mp4,MONEY
Society\4. Money\MVI_4808_skeleton.mp4,MONEY
Society\4. Money\MVI_8669_skeleton.mp4,MONEY
Society\4. Money\MVI_8670_skeleton.mp4,MONEY
Society\4. Money\MVI_8671_skeleton.mp4,MONEY
Society\4. Money\MVI_8672_skeleton.mp4,MONEY
Society\4. Money\MVI_8936_skeleton.mp4,MONEY
Society\4. Money\MVI_8937_skeleton.mp4,MONEY
Society\4. Money\MVI_8938_skeleton.mp4,MONEY
Animals\6. Mouse\MVI_2993_skeleton.mp4,MOUSE
Animals\6. Mouse\MVI_2994_skeleton.mp4,MOUSE
Animals\6. Mouse\MVI_2995_skeleton.mp4,MOUSE
Animals\6. Mouse\MVI_3018_skeleton.mp4,MOUSE
Animals\6. Mouse\MVI_3019_skeleton.mp4,MOUSE
Animals\6. Mouse\MVI_3020_skeleton.mp4,MOUSE
Animals\6. Mouse\MVI_3050_skeleton.mp4,MOUSE
Animals\6. Mouse\MVI_3051_skeleton.mp4,MOUSE
Animals\6. Mouse\MVI_3052_skeleton.mp4,MOUSE
Animals\6. Mouse\MVI_3076_skeleton.mp4,MOUSE
Animals\6. Mouse\MVI_3077_skeleton.mp4,MOUSE
Animals\6. Mouse\MVI_3078_skeleton.mp4,MOUSE
Animals\6. Mouse\MVI_3100_skeleton.mp4,MOUSE
Animals\6. Mouse\MVI_3101_skeleton.mp4,MOUSE
Animals\6. Mouse\MVI_3102_skeleton.mp4,MOUSE
Animals\6. Mouse\MVI_4161_skeleton.mp4,MOUSE
Animals\6. Mouse\MVI_4162_skeleton.mp4,MOUSE
Animals\6. Mouse\MVI_4163_skeleton.mp4,MOUSE
Animals\6. Mouse\MVI_8571_skeleton.mp4,MOUSE
Animals\6. Mouse\MVI_8572_skeleton.mp4,MOUSE
Adjectives\91. new\MVI_5148_skeleton.mp4,NEW
Adjectives\91. new\MVI_5150_skeleton.mp4,NEW
Adjectives\91. new\MVI_5151_skeleton.mp4,NEW
Adjectives\91. new\MVI_5229_skeleton.mp4,NEW
Adjectives\91. new\MVI_5230_skeleton.mp4,NEW
Adjectives\91. new\MVI_5231_skeleton.mp4,NEW
Adjectives\91. new\MVI_5307_skeleton.mp4,NEW
Adjectives\91. new\MVI_5308_skeleton.mp4,NEW
Adjectives\91. new\MVI_5309_skeleton.mp4,NEW
Adjectives\91. new\MVI_9259_skeleton.mp4,NEW
Adjectives\91. new\MVI_9260_skeleton.mp4,NEW
Adjectives\91. new\MVI_9261_skeleton.mp4,NEW
Adjectives\91. new\MVI_9340_skeleton.mp4,NEW
Adjectives\91. new\MVI_9341_skeleton.mp4,NEW
Adjectives\91. new\MVI_9342_skeleton.mp4,NEW
Adjectives\91. new\MVI_9421_skeleton.mp4,NEW
Adjectives\91. new\MVI_9422_skeleton.mp4,NEW
Adjectives\91. new\MVI_9423_skeleton.mp4,NEW
Adjectives\91. new\MVI_9500_skeleton.mp4,NEW
Adjectives\91. new\MVI_9501_skeleton.mp4,NEW
Adjectives\91. new\MVI_9502_skeleton.mp4,NEW
Society\15. Newspaper\MVI_4308_skeleton.mp4,NEWSPAPER
Society\15. Newspaper\MVI_4309_skeleton.mp4,NEWSPAPER
Society\15. Newspaper\MVI_4310_skeleton.mp4,NEWSPAPER
Society\15. Newspaper\MVI_4311_skeleton.mp4,NEWSPAPER
Society\15. Newspaper\MVI_4842_skeleton.mp4,NEWSPAPER
Society\15. Newspaper\MVI_4843_skeleton.mp4,NEWSPAPER
Society\15. Newspaper\MVI_4844_skeleton.mp4,NEWSPAPER
Society\15. Newspaper\MVI_8714_skeleton.mp4,NEWSPAPER
Society\15. Newspaper\MVI_8715_skeleton.mp4,NEWSPAPER
Society\15. Newspaper\MVI_8716_skeleton.mp4,NEWSPAPER
Society\15. Newspaper\MVI_8717_skeleton.mp4,NEWSPAPER
Society\15. Newspaper\MVI_8970_skeleton.mp4,NEWSPAPER
Society\15. Newspaper\MVI_8971_skeleton.mp4,NEWSPAPER
Society\15. Newspaper\MVI_8972_skeleton.mp4,NEWSPAPER
Adjectives\9. Nice\MVI_9588_skeleton.mp4,NICE
Adjectives\9. Nice\MVI_9589_skeleton.mp4,NICE
Adjectives\9. Nice\MVI_9590_skeleton.mp4,NICE
Adjectives\9. Nice\MVI_9591_skeleton.mp4,NICE
Adjectives\92. old\MVI_5152_skeleton.mp4,OLD
Adjectives\92. old\MVI_5153_skeleton.mp4,OLD
Adjectives\92. old\MVI_5154_skeleton.mp4,OLD
Adjectives\92. old\MVI_5232_skeleton.mp4,OLD
Adjectives\92. old\MVI_5233_skeleton.mp4,OLD
Adjectives\92. old\MVI_5234_skeleton.mp4,OLD
Adjectives\92. old\MVI_5310_skeleton.mp4,OLD
Adjectives\92. old\MVI_5311_skeleton.mp4,OLD
Adjectives\92. old\MVI_5312_skeleton.mp4,OLD
Adjectives\92. old\MVI_9262_skeleton.mp4,OLD
Adjectives\92. old\MVI_9263_skeleton.mp4,OLD
Adjectives\92. old\MVI_9264_skeleton.mp4,OLD
Adjectives\92. old\MVI_9343_skeleton.mp4,OLD
Adjectives\92. old\MVI_9344_skeleton.mp4,OLD
Adjectives\92. old\MVI_9345_skeleton.mp4,OLD
Adjectives\92. old\MVI_9424_skeleton.mp4,OLD
Adjectives\92. old\MVI_9425_skeleton.mp4,OLD
Adjectives\92. old\MVI_9426_skeleton.mp4,OLD
Adjectives\92. old\MVI_9504_skeleton.mp4,OLD
Adjectives\92. old\MVI_9505_skeleton.mp4,OLD
Adjectives\92. old\MVI_9506_skeleton.mp4,OLD
Colours\53. Orange\MVI_3737_skeleton.mp4,ORANGE
Colours\53. Orange\MVI_3738_skeleton.mp4,ORANGE
Colours\53. Orange\MVI_3739_skeleton.mp4,ORANGE
Colours\53. Orange\MVI_3884_skeleton.mp4,ORANGE
Colours\53. Orange\MVI_3885_skeleton.mp4,ORANGE
Colours\53. Orange\MVI_3886_skeleton.mp4,ORANGE
Colours\53. Orange\MVI_4036_skeleton.mp4,ORANGE
Colours\53. Orange\MVI_4037_skeleton.mp4,ORANGE
Colours\53. Orange\MVI_4038_skeleton.mp4,ORANGE
Colours\53. Orange\MVI_4214_skeleton.mp4,ORANGE
Colours\53. Orange\MVI_4915_skeleton.mp4,ORANGE
Colours\53. Orange\MVI_4916_skeleton.mp4,ORANGE
Colours\53. Orange\MVI_4917_skeleton.mp4,ORANGE
Colours\53. Orange\MVI_5055_skeleton.mp4,ORANGE
Colours\53. Orange\MVI_5056_skeleton.mp4,ORANGE
Colours\53. Orange\MVI_5057_skeleton.mp4,ORANGE
Colours\53. Orange\MVI_5203_skeleton.mp4,ORANGE
Colours\53. Orange\MVI_5204_skeleton.mp4,ORANGE
Colours\53. Orange\MVI_5205_skeleton.mp4,ORANGE
Colours\53. Orange\MVI_8618_skeleton.mp4,ORANGE
Society\12. Peace\MVI_4295_skeleton.mp4,PEACE
Society\12. Peace\MVI_4296_skeleton.mp4,PEACE
Society\12. Peace\MVI_4297_skeleton.mp4,PEACE
Society\12. Peace\MVI_4298_skeleton.mp4,PEACE
Society\12. Peace\MVI_4833_skeleton.mp4,PEACE
Society\12. Peace\MVI_4834_skeleton.mp4,PEACE
Society\12. Peace\MVI_4835_skeleton.mp4,PEACE
Society\12. Peace\MVI_8702_skeleton.mp4,PEACE
Society\12. Peace\MVI_8703_skeleton.mp4,PEACE
Society\12. Peace\MVI_8704_skeleton.mp4,PEACE
Society\12. Peace\MVI_8705_skeleton.mp4,PEACE
Society\12. Peace\MVI_8960_skeleton.mp4,PEACE
Society\12. Peace\MVI_8961_skeleton.mp4,PEACE
Society\12. Peace\MVI_8962_skeleton.mp4,PEACE
Colours\52. Pink\MVI_3734_skeleton.mp4,PINK
Colours\52. Pink\MVI_3735_skeleton.mp4,PINK
Colours\52. Pink\MVI_3736_skeleton.mp4,PINK
Colours\52. Pink\MVI_3881_skeleton.mp4,PINK
Colours\52. Pink\MVI_3882_skeleton.mp4,PINK
Colours\52. Pink\MVI_3883_skeleton.mp4,PINK
Colours\52. Pink\MVI_4033_skeleton.mp4,PINK
Colours\52. Pink\MVI_4034_skeleton.mp4,PINK
Colours\52. Pink\MVI_4035_skeleton.mp4,PINK
Colours\52. Pink\MVI_4213_skeleton.mp4,PINK
Colours\52. Pink\MVI_4912_skeleton.mp4,PINK
Colours\52. Pink\MVI_4913_skeleton.mp4,PINK
Colours\52. Pink\MVI_4914_skeleton.mp4,PINK
Colours\52. Pink\MVI_5052_skeleton.mp4,PINK
Colours\52. Pink\MVI_5053_skeleton.mp4,PINK
Colours\52. Pink\MVI_5054_skeleton.mp4,PINK
Colours\52. Pink\MVI_5200_skeleton.mp4,PINK
Colours\52. Pink\MVI_5201_skeleton.mp4,PINK
Colours\52. Pink\MVI_5202_skeleton.mp4,PINK
Colours\52. Pink\MVI_8617_skeleton.mp4,PINK
Greetings\56. Pleased\MVI_0009_skeleton.mp4,PLEASED
Greetings\56. Pleased\MVI_0010_skeleton.mp4,PLEASED
Greetings\56. Pleased\MVI_0011_skeleton.mp4,PLEASED
Greetings\56. Pleased\MVI_0061_skeleton.mp4,PLEASED
Greetings\56. Pleased\MVI_0062_skeleton.mp4,PLEASED
Greetings\56. Pleased\MVI_0063_skeleton.mp4,PLEASED
Greetings\56. Pleased\MVI_0065_skeleton.mp4,PLEASED
Greetings\56. Pleased\MVI_0066_skeleton.mp4,PLEASED
Greetings\56. Pleased\MVI_0067_skeleton.mp4,PLEASED
Greetings\56. Pleased\MVI_0068_skeleton.mp4,PLEASED
Greetings\56. Pleased\MVI_0114_skeleton.mp4,PLEASED
Greetings\56. Pleased\MVI_0115_skeleton.mp4,PLEASED
Greetings\56. Pleased\MVI_0116_skeleton.mp4,PLEASED
Greetings\56. Pleased\MVI_9952_skeleton.mp4,PLEASED
Greetings\56. Pleased\MVI_9953_skeleton.mp4,PLEASED
Greetings\56. Pleased\MVI_9954_skeleton.mp4,PLEASED
Greetings\56. Pleased\MVI_9955_skeleton.mp4,PLEASED
Greetings\56. Pleased\MVI_9988_skeleton.mp4,PLEASED
Greetings\56. Pleased\MVI_9989_skeleton.mp4,PLEASED
Greetings\56. Pleased\MVI_9990_skeleton.mp4,PLEASED
Greetings\56. Pleased\MVI_9991_skeleton.mp4,PLEASED
Adjectives\12. poor\MVI_9600_skeleton.mp4,POOR
Adjectives\12. poor\MVI_9601_skeleton.mp4,POOR
Adjectives\12. poor\MVI_9603_skeleton.mp4,POOR
Adjectives\12. poor\MVI_9604_skeleton.mp4,POOR
Adjectives\12. poor\MVI_9737_skeleton.mp4,POOR
Adjectives\12. poor\MVI_9738_skeleton.mp4,POOR
Adjectives\12. poor\MVI_9739_skeleton.mp4,POOR
Adjectives\12. poor\MVI_9740_skeleton.mp4,POOR
Society\20. Price\MVI_4328_skeleton.mp4,PRICE
Society\20. Price\MVI_4329_skeleton.mp4,PRICE
Society\20. Price\MVI_4330_skeleton.mp4,PRICE
Society\20. Price\MVI_4331_skeleton.mp4,PRICE
Society\20. Price\MVI_4857_skeleton.mp4,PRICE
Society\20. Price\MVI_4858_skeleton.mp4,PRICE
Society\20. Price\MVI_4859_skeleton.mp4,PRICE
Society\20. Price\MVI_8734_skeleton.mp4,PRICE
Society\20. Price\MVI_8735_skeleton.mp4,PRICE
Society\20. Price\MVI_8736_skeleton.mp4,PRICE
Society\20. Price\MVI_8737_skeleton.mp4,PRICE
Society\20. Price\MVI_8986_skeleton.mp4,PRICE
Society\20. Price\MVI_8987_skeleton.mp4,PRICE
Society\20. Price\MVI_8988_skeleton.mp4,PRICE
Adjectives\2. quiet\MVI_5180_skeleton.mp4,QUIET
Adjectives\2. quiet\MVI_5181_skeleton.mp4,QUIET
Adjectives\2. quiet\MVI_5182_skeleton.mp4,QUIET
Adjectives\2. quiet\MVI_5260_skeleton.mp4,QUIET
Adjectives\2. quiet\MVI_5261_skeleton.mp4,QUIET
Adjectives\2. quiet\MVI_5262_skeleton.mp4,QUIET
Adjectives\2. quiet\MVI_5338_skeleton.mp4,QUIET
Adjectives\2. quiet\MVI_5339_skeleton.mp4,QUIET
Adjectives\2. quiet\MVI_5340_skeleton.mp4,QUIET
Adjectives\2. quiet\MVI_9292_skeleton.mp4,QUIET
Adjectives\2. quiet\MVI_9293_skeleton.mp4,QUIET
Adjectives\2. quiet\MVI_9294_skeleton.mp4,QUIET
Adjectives\2. quiet\MVI_9371_skeleton.mp4,QUIET
Adjectives\2. quiet\MVI_9372_skeleton.mp4,QUIET
Adjectives\2. quiet\MVI_9373_skeleton.mp4,QUIET
Adjectives\2. quiet\MVI_9451_skeleton.mp4,QUIET
Adjectives\2. quiet\MVI_9452_skeleton.mp4,QUIET
Adjectives\2. quiet\MVI_9453_skeleton.mp4,QUIET
Adjectives\2. quiet\MVI_9537_skeleton.mp4,QUIET
Adjectives\2. quiet\MVI_9538_skeleton.mp4,QUIET
Adjectives\2. quiet\MVI_9539_skeleton.mp4,QUIET
Society\8. Race (ethnicity)\MVI_4279_skeleton.mp4,RACE ETHNICITY
Society\8. Race (ethnicity)\MVI_4280_skeleton.mp4,RACE ETHNICITY
Society\8. Race (ethnicity)\MVI_4281_skeleton.mp4,RACE ETHNICITY
Society\8. Race (ethnicity)\MVI_4282_skeleton.mp4,RACE ETHNICITY
Society\8. Race (ethnicity)\MVI_4821_skeleton.mp4,RACE ETHNICITY
Society\8. Race (ethnicity)\MVI_4822_skeleton.mp4,RACE ETHNICITY
Society\8. Race (ethnicity)\MVI_4823_skeleton.mp4,RACE ETHNICITY
Society\8. Race (ethnicity)\MVI_8685_skeleton.mp4,RACE ETHNICITY
Society\8. Race (ethnicity)\MVI_8686_skeleton.mp4,RACE ETHNICITY
Society\8. Race (ethnicity)\MVI_8687_skeleton.mp4,RACE ETHNICITY
Society\8. Race (ethnicity)\MVI_8688_skeleton.mp4,RACE ETHNICITY
Society\8. Race (ethnicity)\MVI_8948_skeleton.mp4,RACE ETHNICITY
Society\8. Race (ethnicity)\MVI_8949_skeleton.mp4,RACE ETHNICITY
Society\8. Race (ethnicity)\MVI_8950_skeleton.mp4,RACE ETHNICITY
Electronics\60. Radio\MVI_4561_skeleton.mp4,RADIO
Electronics\60. Radio\MVI_4562_skeleton.mp4,RADIO
Electronics\60. Radio\MVI_4563_skeleton.mp4,RADIO
Electronics\60. Radio\MVI_4564_skeleton.mp4,RADIO
Electronics\60. Radio\MVI_4987_skeleton.mp4,RADIO
Electronics\60. Radio\MVI_4988_skeleton.mp4,RADIO
Electronics\60. Radio\MVI_4989_skeleton.mp4,RADIO
Electronics\60. Radio\MVI_5416_skeleton.mp4,RADIO
Electronics\60. Radio\MVI_5417_skeleton.mp4,RADIO
Electronics\60. Radio\MVI_5418_skeleton.mp4,RADIO
Electronics\60. Radio\MVI_5419_skeleton.mp4,RADIO
Electronics\60. Radio\MVI_9119_skeleton.mp4,RADIO
Electronics\60. Radio\MVI_9120_skeleton.mp4,RADIO
Electronics\60. Radio\MVI_9121_skeleton.mp4,RADIO
Colours\47. Red\MVI_3719_skeleton.mp4,RED
Colours\47. Red\MVI_3720_skeleton.mp4,RED
Colours\47. Red\MVI_3721_skeleton.mp4,RED
Colours\47. Red\MVI_3866_skeleton.mp4,RED
Colours\47. Red\MVI_3867_skeleton.mp4,RED
Colours\47. Red\MVI_3868_skeleton.mp4,RED
Colours\47. Red\MVI_4017_skeleton.mp4,RED
Colours\47. Red\MVI_4018_skeleton.mp4,RED
Colours\47. Red\MVI_4019_skeleton.mp4,RED
Colours\47. Red\MVI_4207_skeleton.mp4,RED
Colours\47. Red\MVI_4897_skeleton.mp4,RED
Colours\47. Red\MVI_4898_skeleton.mp4,RED
Colours\47. Red\MVI_4899_skeleton.mp4,RED
Colours\47. Red\MVI_5037_skeleton.mp4,RED
Colours\47. Red\MVI_5038_skeleton.mp4,RED
Colours\47. Red\MVI_5039_skeleton.mp4,RED
Colours\47. Red\MVI_5184_skeleton.mp4,RED
Colours\47. Red\MVI_5185_skeleton.mp4,RED
Colours\47. Red\MVI_5186_skeleton.mp4,RED
Colours\47. Red\MVI_8612_skeleton.mp4,RED
Society\1. Religion\MVI_4251_skeleton.mp4,RELIGION
Society\1. Religion\MVI_4252_skeleton.mp4,RELIGION
Society\1. Religion\MVI_4253_skeleton.mp4,RELIGION
Society\1. Religion\MVI_4254_skeleton.mp4,RELIGION
Society\1. Religion\MVI_4797_skeleton.mp4,RELIGION
Society\1. Religion\MVI_4798_skeleton.mp4,RELIGION
Society\1. Religion\MVI_4799_skeleton.mp4,RELIGION
Society\1. Religion\MVI_8657_skeleton.mp4,RELIGION
Society\1. Religion\MVI_8658_skeleton.mp4,RELIGION
Society\1. Religion\MVI_8659_skeleton.mp4,RELIGION
Society\1. Religion\MVI_8660_skeleton.mp4,RELIGION
Society\1. Religion\MVI_8927_skeleton.mp4,RELIGION
Society\1. Religion\MVI_8928_skeleton.mp4,RELIGION
Society\1. Religion\MVI_8929_skeleton.mp4,RELIGION
Adjectives\11. rich\MVI_9596_skeleton.mp4,RICH
Adjectives\11. rich\MVI_9597_skeleton.mp4,RICH
Adjectives\11. rich\MVI_9598_skeleton.mp4,RICH
Adjectives\11. rich\MVI_9599_skeleton.mp4,RICH
Adjectives\11. rich\MVI_9733_skeleton.mp4,RICH
Adjectives\11. rich\MVI_9734_skeleton.mp4,RICH
Adjectives\11. rich\MVI_9735_skeleton.mp4,RICH
Adjectives\11. rich\MVI_9736_skeleton.mp4,RICH
Adjectives\4. sad\MVI_9565_skeleton.mp4,SAD
Adjectives\4. sad\MVI_9566_skeleton.mp4,SAD
Adjectives\4. sad\MVI_9567_skeleton.mp4,SAD
Adjectives\4. sad\MVI_9568_skeleton.mp4,SAD
Adjectives\4. sad\MVI_9719_skeleton.mp4,SAD
Adjectives\4. sad\MVI_9720_skeleton.mp4,SAD
Adjectives\4. sad\MVI_9721_skeleton.mp4,SAD
Adjectives\4. sad\MVI_9722_skeleton.mp4,SAD
Society\22. Science\MVI_4336_skeleton.mp4,SCIENCE
Society\22. Science\MVI_4337_skeleton.mp4,SCIENCE
Society\22. Science\MVI_4338_skeleton.mp4,SCIENCE
Society\22. Science\MVI_4339_skeleton.mp4,SCIENCE
Society\22. Science\MVI_4863_skeleton.mp4,SCIENCE
Society\22. Science\MVI_4864_skeleton.mp4,SCIENCE
Society\22. Science\MVI_4865_skeleton.mp4,SCIENCE
Society\22. Science\MVI_8742_skeleton.mp4,SCIENCE
Society\22. Science\MVI_8743_skeleton.mp4,SCIENCE
Society\22. Science\MVI_8744_skeleton.mp4,SCIENCE
Society\22. Science\MVI_8745_skeleton.mp4,SCIENCE
Society\22. Science\MVI_8992_skeleton.mp4,SCIENCE
Society\22. Science\MVI_8993_skeleton.mp4,SCIENCE
Society\22. Science\MVI_8994_skeleton.mp4,SCIENCE
Electronics\57. Screen\MVI_4549_skeleton.mp4,SCREEN
Electronics\57. Screen\MVI_4550_skeleton.mp4,SCREEN
Electronics\57. Screen\MVI_4551_skeleton.mp4,SCREEN
Electronics\57. Screen\MVI_4552_skeleton.mp4,SCREEN
Electronics\57. Screen\MVI_4976_skeleton.mp4,SCREEN
Electronics\57. Screen\MVI_4977_skeleton.mp4,SCREEN
Electronics\57. Screen\MVI_4978_skeleton.mp4,SCREEN
Electronics\57. Screen\MVI_5403_skeleton.mp4,SCREEN
Electronics\57. Screen\MVI_5404_skeleton.mp4,SCREEN
Electronics\57. Screen\MVI_5405_skeleton.mp4,SCREEN
Electronics\57. Screen\MVI_5406_skeleton.mp4,SCREEN
Electronics\57. Screen\MVI_9110_skeleton.mp4,SCREEN
Electronics\57. Screen\MVI_9111_skeleton.mp4,SCREEN
Electronics\57. Screen\MVI_9112_skeleton.mp4,SCREEN
Seasons\65. Season\MVI_4581_skeleton.mp4,SEASON
Seasons\65. Season\MVI_4582_skeleton.mp4,SEASON
Seasons\65. Season\MVI_4584_skeleton.mp4,SEASON
Seasons\65. Season\MVI_4585_skeleton.mp4,SEASON
Seasons\65. Season\MVI_5002_skeleton.mp4,SEASON
Seasons\65. Season\MVI_5003_skeleton.mp4,SEASON
Seasons\65. Season\MVI_5004_skeleton.mp4,SEASON
Seasons\65. Season\MVI_5437_skeleton.mp4,SEASON
Seasons\65. Season\MVI_5438_skeleton.mp4,SEASON
Seasons\65. Season\MVI_5439_skeleton.mp4,SEASON
Seasons\65. Season\MVI_5441_skeleton.mp4,SEASON
Seasons\65. Season\MVI_9136_skeleton.mp4,SEASON
Seasons\65. Season\MVI_9137_skeleton.mp4,SEASON
Seasons\65. Season\MVI_9138_skeleton.mp4,SEASON
Adjectives\28. shallow\MVI_9674_skeleton.mp4,SHALLOW
Adjectives\28. shallow\MVI_9675_skeleton.mp4,SHALLOW
Adjectives\28. shallow\MVI_9676_skeleton.mp4,SHALLOW
Adjectives\28. shallow\MVI_9677_skeleton.mp4,SHALLOW
Adjectives\28. shallow\MVI_9801_skeleton.mp4,SHALLOW
Adjectives\28. shallow\MVI_9802_skeleton.mp4,SHALLOW
Adjectives\28. shallow\MVI_9803_skeleton.mp4,SHALLOW
Adjectives\28. shallow\MVI_9804_skeleton.mp4,SHALLOW
Pronouns\43. she\MVI_0009_skeleton.mp4,SHE
Pronouns\43. she\MVI_0010_skeleton.mp4,SHE
Pronouns\43. she\MVI_0011_skeleton.mp4,SHE
Pronouns\43. she\MVI_0012_skeleton.mp4,SHE
Pronouns\43. she\MVI_0021_skeleton.mp4,SHE
Pronouns\43. she\MVI_0022_skeleton.mp4,SHE
Pronouns\43. she\MVI_0023_skeleton.mp4,SHE
Pronouns\43. she\MVI_0073_skeleton.mp4,SHE
Pronouns\43. she\MVI_0074_skeleton.mp4,SHE
Pronouns\43. she\MVI_0075_skeleton.mp4,SHE
Pronouns\43. she\MVI_9893_skeleton.mp4,SHE
Pronouns\43. she\MVI_9894_skeleton.mp4,SHE
Pronouns\43. she\MVI_9895_skeleton.mp4,SHE
Pronouns\43. she\MVI_9896_skeleton.mp4,SHE
Pronouns\43. she\MVI_9932_skeleton.mp4,SHE
Pronouns\43. she\MVI_9933_skeleton.mp4,SHE
Pronouns\43. she\MVI_9934_skeleton.mp4,SHE
Pronouns\43. she\MVI_9935_skeleton.mp4,SHE
Pronouns\43. she\MVI_9966_skeleton.mp4,SHE
Pronouns\43. she\MVI_9967_skeleton.mp4,SHE
Pronouns\43. she\MVI_9968_skeleton.mp4,SHE
Clothes\41. Shirt\MVI_3701_skeleton.mp4,SHIRT
Clothes\41. Shirt\MVI_3702_skeleton.mp4,SHIRT
Clothes\41. Shirt\MVI_3703_skeleton.mp4,SHIRT
Clothes\41. Shirt\MVI_3847_skeleton.mp4,SHIRT
Clothes\41. Shirt\MVI_3848_skeleton.mp4,SHIRT
Clothes\41. Shirt\MVI_3849_skeleton.mp4,SHIRT
Clothes\41. Shirt\MVI_3999_skeleton.mp4,SHIRT
Clothes\41. Shirt\MVI_4000_skeleton.mp4,SHIRT
Clothes\41. Shirt\MVI_4001_skeleton.mp4,SHIRT
Clothes\41. Shirt\MVI_4201_skeleton.mp4,SHIRT
Clothes\41. Shirt\MVI_4877_skeleton.mp4,SHIRT
Clothes\41. Shirt\MVI_4879_skeleton.mp4,SHIRT
Clothes\41. Shirt\MVI_4880_skeleton.mp4,SHIRT
Clothes\41. Shirt\MVI_5018_skeleton.mp4,SHIRT
Clothes\41. Shirt\MVI_5019_skeleton.mp4,SHIRT
Clothes\41. Shirt\MVI_5020_skeleton.mp4,SHIRT
Clothes\41. Shirt\MVI_5166_skeleton.mp4,SHIRT
Clothes\41. Shirt\MVI_5167_skeleton.mp4,SHIRT
Clothes\41. Shirt\MVI_5168_skeleton.mp4,SHIRT
Clothes\41. Shirt\MVI_8605_skeleton.mp4,SHIRT
Adjectives\79. short\extra\MVI_5192_skeleton.mp4,SHORT
Adjectives\79. short\MVI_5110_skeleton.mp4,SHORT
Adjectives\79. short\MVI_5111_skeleton.mp4,SHORT
Adjectives\79. short\MVI_5112_skeleton.mp4,SHORT
Adjectives\79. short\MVI_5189_skeleton.mp4,SHORT
Adjectives\79. short\MVI_5190_skeleton.mp4,SHORT
Adjectives\79. short\MVI_5191_skeleton.mp4,SHORT
Adjectives\79. short\MVI_5269_skeleton.mp4,SHORT
Adjectives\79. short\MVI_5270_skeleton.mp4,SHORT
Adjectives\79. short\MVI_5271_skeleton.mp4,SHORT
Adjectives\79. short\MVI_9220_skeleton.mp4,SHORT
Adjectives\79. short\MVI_9221_skeleton.mp4,SHORT
Adjectives\79. short\MVI_9222_skeleton.mp4,SHORT
Adjectives\79. short\MVI_9301_skeleton.mp4,SHORT
Adjectives\79. short\MVI_9302_skeleton.mp4,SHORT
Adjectives\79. short\MVI_9303_skeleton.mp4,SHORT
Adjectives\79. short\MVI_9380_skeleton.mp4,SHORT
Adjectives\79. short\MVI_9381_skeleton.mp4,SHORT
Adjectives\79. short\MVI_9382_skeleton.mp4,SHORT
Adjectives\79. short\MVI_9461_skeleton.mp4,SHORT
Adjectives\79. short\MVI_9462_skeleton.mp4,SHORT
Adjectives\79. short\MVI_9463_skeleton.mp4,SHORT
Adjectives\98. sick\MVI_5170_skeleton.mp4,SICK
Adjectives\98. sick\MVI_5171_skeleton.mp4,SICK
Adjectives\98. sick\MVI_5172_skeleton.mp4,SICK
Adjectives\98. sick\MVI_5251_skeleton.mp4,SICK
Adjectives\98. sick\MVI_5252_skeleton.mp4,SICK
Adjectives\98. sick\MVI_5253_skeleton.mp4,SICK
Adjectives\98. sick\MVI_5329_skeleton.mp4,SICK
Adjectives\98. sick\MVI_5330_skeleton.mp4,SICK
Adjectives\98. sick\MVI_5331_skeleton.mp4,SICK
Adjectives\98. sick\MVI_9280_skeleton.mp4,SICK
Adjectives\98. sick\MVI_9281_skeleton.mp4,SICK
Adjectives\98. sick\MVI_9282_skeleton.mp4,SICK
Adjectives\98. sick\MVI_9362_skeleton.mp4,SICK
Adjectives\98. sick\MVI_9363_skeleton.mp4,SICK
Adjectives\98. sick\MVI_9364_skeleton.mp4,SICK
Adjectives\98. sick\MVI_9442_skeleton.mp4,SICK
Adjectives\98. sick\MVI_9443_skeleton.mp4,SICK
Adjectives\98. sick\MVI_9444_skeleton.mp4,SICK
Adjectives\98. sick\MVI_9527_skeleton.mp4,SICK
Adjectives\98. sick\MVI_9528_skeleton.mp4,SICK
Adjectives\98. sick\MVI_9529_skeleton.mp4,SICK
Society\21. Sign\MVI_4332_skeleton.mp4,SIGN
Society\21. Sign\MVI_4333_skeleton.mp4,SIGN
Society\21. Sign\MVI_4334_skeleton.mp4,SIGN
Society\21. Sign\MVI_4335_skeleton.mp4,SIGN
Society\21. Sign\MVI_4860_skeleton.mp4,SIGN
Society\21. Sign\MVI_4861_skeleton.mp4,SIGN
Society\21. Sign\MVI_4862_skeleton.mp4,SIGN
Society\21. Sign\MVI_8738_skeleton.mp4,SIGN
Society\21. Sign\MVI_8739_skeleton.mp4,SIGN
Society\21. Sign\MVI_8740_skeleton.mp4,SIGN
Society\21. Sign\MVI_8741_skeleton.mp4,SIGN
Society\21. Sign\MVI_8989_skeleton.mp4,SIGN
Society\21. Sign\MVI_8990_skeleton.mp4,SIGN
Society\21. Sign\MVI_8991_skeleton.mp4,SIGN
Clothes\40. Skirt\MVI_3699_skeleton.mp4,SKIRT
Clothes\40. Skirt\MVI_3700_skeleton.mp4,SKIRT
Clothes\40. Skirt\MVI_3844_skeleton.mp4,SKIRT
Clothes\40. Skirt\MVI_3845_skeleton.mp4,SKIRT
Clothes\40. Skirt\MVI_3846_skeleton.mp4,SKIRT
Clothes\40. Skirt\MVI_3996_skeleton.mp4,SKIRT
Clothes\40. Skirt\MVI_3997_skeleton.mp4,SKIRT
Clothes\40. Skirt\MVI_3998_skeleton.mp4,SKIRT
Clothes\40. Skirt\MVI_4200_skeleton.mp4,SKIRT
Clothes\40. Skirt\MVI_4874_skeleton.mp4,SKIRT
Clothes\40. Skirt\MVI_4875_skeleton.mp4,SKIRT
Clothes\40. Skirt\MVI_4876_skeleton.mp4,SKIRT
Clothes\40. Skirt\MVI_5015_skeleton.mp4,SKIRT
Clothes\40. Skirt\MVI_5016_skeleton.mp4,SKIRT
Clothes\40. Skirt\MVI_5017_skeleton.mp4,SKIRT
Clothes\40. Skirt\MVI_5163_skeleton.mp4,SKIRT
Clothes\40. Skirt\MVI_5164_skeleton.mp4,SKIRT
Clothes\40. Skirt\MVI_5165_skeleton.mp4,SKIRT
Clothes\40. Skirt\MVI_8604_skeleton.mp4,SKIRT
Adjectives\25. soft\MVI_9662_skeleton.mp4,SOFT
Adjectives\25. soft\MVI_9663_skeleton.mp4,SOFT
Adjectives\25. soft\MVI_9664_skeleton.mp4,SOFT
Adjectives\25. soft\MVI_9665_skeleton.mp4,SOFT
Adjectives\25. soft\MVI_9789_skeleton.mp4,SOFT
Adjectives\25. soft\MVI_9790_skeleton.mp4,SOFT
Adjectives\25. soft\MVI_9791_skeleton.mp4,SOFT
Adjectives\25. soft\MVI_9792_skeleton.mp4,SOFT
Society\17. Sport\MVI_4316_skeleton.mp4,SPORT
Society\17. Sport\MVI_4317_skeleton.mp4,SPORT
Society\17. Sport\MVI_4318_skeleton.mp4,SPORT
Society\17. Sport\MVI_4319_skeleton.mp4,SPORT
Society\17. Sport\MVI_4848_skeleton.mp4,SPORT
Society\17. Sport\MVI_4849_skeleton.mp4,SPORT
Society\17. Sport\MVI_4850_skeleton.mp4,SPORT
Society\17. Sport\MVI_8722_skeleton.mp4,SPORT
Society\17. Sport\MVI_8723_skeleton.mp4,SPORT
Society\17. Sport\MVI_8724_skeleton.mp4,SPORT
Society\17. Sport\MVI_8725_skeleton.mp4,SPORT
Society\17. Sport\MVI_8976_skeleton.mp4,SPORT
Society\17. Sport\MVI_8977_skeleton.mp4,SPORT
Society\17. Sport\MVI_8978_skeleton.mp4,SPORT
Seasons\62. Spring\MVI_4569_skeleton.mp4,SPRING
Seasons\62. Spring\MVI_4570_skeleton.mp4,SPRING
Seasons\62. Spring\MVI_4571_skeleton.mp4,SPRING
Seasons\62. Spring\MVI_4572_skeleton.mp4,SPRING
Seasons\62. Spring\MVI_4993_skeleton.mp4,SPRING
Seasons\62. Spring\MVI_4994_skeleton.mp4,SPRING
Seasons\62. Spring\MVI_4995_skeleton.mp4,SPRING
Seasons\62. Spring\MVI_5425_skeleton.mp4,SPRING
Seasons\62. Spring\MVI_5426_skeleton.mp4,SPRING
Seasons\62. Spring\MVI_5427_skeleton.mp4,SPRING
Seasons\62. Spring\MVI_5428_skeleton.mp4,SPRING
Seasons\62. Spring\MVI_9125_skeleton.mp4,SPRING
Seasons\62. Spring\MVI_9126_skeleton.mp4,SPRING
Seasons\62. Spring\MVI_9127_skeleton.mp4,SPRING
Adjectives\31. strong\MVI_9690_skeleton.mp4,STRONG
Adjectives\31. strong\MVI_9691_skeleton.mp4,STRONG
Adjectives\31. strong\MVI_9692_skeleton.mp4,STRONG
Adjectives\31. strong\MVI_9693_skeleton.mp4,STRONG
Adjectives\31. strong\MVI_9814_skeleton.mp4,STRONG
Adjectives\31. strong\MVI_9815_skeleton.mp4,STRONG
Adjectives\31. strong\MVI_9816_skeleton.mp4,STRONG
Adjectives\31. strong\MVI_9817_skeleton.mp4,STRONG
Clothes\39. Suit\MVI_3697_skeleton.mp4,SUIT
Clothes\39. Suit\MVI_3698_skeleton.mp4,SUIT
Clothes\39. Suit\MVI_3841_skeleton.mp4,SUIT
Clothes\39. Suit\MVI_3842_skeleton.mp4,SUIT
Clothes\39. Suit\MVI_3843_skeleton.mp4,SUIT
Clothes\39. Suit\MVI_3990_skeleton.mp4,SUIT
Clothes\39. Suit\MVI_3991_skeleton.mp4,SUIT
Clothes\39. Suit\MVI_3992_skeleton.mp4,SUIT
Clothes\39. Suit\MVI_4199_skeleton.mp4,SUIT
Clothes\39. Suit\MVI_4871_skeleton.mp4,SUIT
Clothes\39. Suit\MVI_4872_skeleton.mp4,SUIT
Clothes\39. Suit\MVI_4873_skeleton.mp4,SUIT
Clothes\39. Suit\MVI_5012_skeleton.mp4,SUIT
Clothes\39. Suit\MVI_5013_skeleton.mp4,SUIT
Clothes\39. Suit\MVI_5014_skeleton.mp4,SUIT
Clothes\39. Suit\MVI_5160_skeleton.mp4,SUIT
Clothes\39. Suit\MVI_5161_skeleton.mp4,SUIT
Clothes\39. Suit\MVI_5162_skeleton.mp4,SUIT
Clothes\39. Suit\MVI_8602_skeleton.mp4,SUIT
Seasons\61. Summer\MVI_4565_skeleton.mp4,SUMMER
Seasons\61. Summer\MVI_4566_skeleton.mp4,SUMMER
Seasons\61. Summer\MVI_4567_skeleton.mp4,SUMMER
Seasons\61. Summer\MVI_4568_skeleton.mp4,SUMMER
Seasons\61. Summer\MVI_4990_skeleton.mp4,SUMMER
Seasons\61. Summer\MVI_4991_skeleton.mp4,SUMMER
Seasons\61. Summer\MVI_4992_skeleton.mp4,SUMMER
Seasons\61. Summer\MVI_5420_skeleton.mp4,SUMMER
Seasons\61. Summer\MVI_5421_skeleton.mp4,SUMMER
Seasons\61. Summer\MVI_5422_skeleton.mp4,SUMMER
Seasons\61. Summer\MVI_5424_skeleton.mp4,SUMMER
Seasons\61. Summer\MVI_9122_skeleton.mp4,SUMMER
Seasons\61. Summer\MVI_9123_skeleton.mp4,SUMMER
Seasons\61. Summer\MVI_9124_skeleton.mp4,SUMMER
Adjectives\80. tall\MVI_5114_skeleton.mp4,TALL
Adjectives\80. tall\MVI_5115_skeleton.mp4,TALL
Adjectives\80. tall\MVI_5116_skeleton.mp4,TALL
Adjectives\80. tall\MVI_5194_skeleton.mp4,TALL
Adjectives\80. tall\MVI_5195_skeleton.mp4,TALL
Adjectives\80. tall\MVI_5196_skeleton.mp4,TALL
Adjectives\80. tall\MVI_5273_skeleton.mp4,TALL
Adjectives\80. tall\MVI_5274_skeleton.mp4,TALL
Adjectives\80. tall\MVI_5276_skeleton.mp4,TALL
Adjectives\80. tall\MVI_9223_skeleton.mp4,TALL
Adjectives\80. tall\MVI_9224_skeleton.mp4,TALL
Adjectives\80. tall\MVI_9225_skeleton.mp4,TALL
Adjectives\80. tall\MVI_9307_skeleton.mp4,TALL
Adjectives\80. tall\MVI_9308_skeleton.mp4,TALL
Adjectives\80. tall\MVI_9309_skeleton.mp4,TALL
Adjectives\80. tall\MVI_9384_skeleton.mp4,TALL
Adjectives\80. tall\MVI_9386_skeleton.mp4,TALL
Adjectives\80. tall\MVI_9387_skeleton.mp4,TALL
Adjectives\80. tall\MVI_9464_skeleton.mp4,TALL
Adjectives\80. tall\MVI_9465_skeleton.mp4,TALL
Adjectives\80. tall\MVI_9466_skeleton.mp4,TALL
Society\7. Team\MVI_4275_skeleton.mp4,TEAM
Society\7. Team\MVI_4276_skeleton.mp4,TEAM
Society\7. Team\MVI_4277_skeleton.mp4,TEAM
Society\7. Team\MVI_4278_skeleton.mp4,TEAM
Society\7. Team\MVI_4818_skeleton.mp4,TEAM
Society\7. Team\MVI_4819_skeleton.mp4,TEAM
Society\7. Team\MVI_4820_skeleton.mp4,TEAM
Society\7. Team\MVI_8681_skeleton.mp4,TEAM
Society\7. Team\MVI_8682_skeleton.mp4,TEAM
Society\7. Team\MVI_8683_skeleton.mp4,TEAM
Society\7. Team\MVI_8684_skeleton.mp4,TEAM
Society\7. Team\MVI_8945_skeleton.mp4,TEAM
Society\7. Team\MVI_8946_skeleton.mp4,TEAM
Society\7. Team\MVI_8947_skeleton.mp4,TEAM
Society\9. Technology\MVI_4283_skeleton.mp4,TECHNOLOGY
Society\9. Technology\MVI_4284_skeleton.mp4,TECHNOLOGY
Society\9. Technology\MVI_4285_skeleton.mp4,TECHNOLOGY
Society\9. Technology\MVI_4286_skeleton.mp4,TECHNOLOGY
Society\9. Technology\MVI_4824_skeleton.mp4,TECHNOLOGY
Society\9. Technology\MVI_4825_skeleton.mp4,TECHNOLOGY
Society\9. Technology\MVI_4826_skeleton.mp4,TECHNOLOGY
Society\9. Technology\MVI_8689_skeleton.mp4,TECHNOLOGY
Society\9. Technology\MVI_8690_skeleton.mp4,TECHNOLOGY
Society\9. Technology\MVI_8691_skeleton.mp4,TECHNOLOGY
Society\9. Technology\MVI_8692_skeleton.mp4,TECHNOLOGY
Society\9. Technology\MVI_8951_skeleton.mp4,TECHNOLOGY
Society\9. Technology\MVI_8952_skeleton.mp4,TECHNOLOGY
Society\9. Technology\MVI_8953_skeleton.mp4,TECHNOLOGY
Electronics\59. Television\MVI_4557_skeleton.mp4,TELEVISION
Electronics\59. Television\MVI_4558_skeleton.mp4,TELEVISION
Electronics\59. Television\MVI_4559_skeleton.mp4,TELEVISION
Electronics\59. Television\MVI_4560_skeleton.mp4,TELEVISION
Electronics\59. Television\MVI_4982_skeleton.mp4,TELEVISION
Electronics\59. Television\MVI_4985_skeleton.mp4,TELEVISION
Electronics\59. Television\MVI_4986_skeleton.mp4,TELEVISION
Electronics\59. Television\MVI_5412_skeleton.mp4,TELEVISION
Electronics\59. Television\MVI_5413_skeleton.mp4,TELEVISION
Electronics\59. Television\MVI_5414_skeleton.mp4,TELEVISION
Electronics\59. Television\MVI_5415_skeleton.mp4,TELEVISION
Electronics\59. Television\MVI_9116_skeleton.mp4,TELEVISION
Electronics\59. Television\MVI_9117_skeleton.mp4,TELEVISION
Electronics\59. Television\MVI_9118_skeleton.mp4,TELEVISION
Greetings\55. Thank you\MVI_0006_skeleton.mp4,THANK YOU
Greetings\55. Thank you\MVI_0007_skeleton.mp4,THANK YOU
Greetings\55. Thank you\MVI_0008_skeleton.mp4,THANK YOU
Greetings\55. Thank you\MVI_0058_skeleton.mp4,THANK YOU
Greetings\55. Thank you\MVI_0059_skeleton.mp4,THANK YOU
Greetings\55. Thank you\MVI_0060__skeleton.mp4,THANK YOU
Greetings\55. Thank you\MVI_0060_skeleton.mp4,THANK YOU
Greetings\55. Thank you\MVI_0061_skeleton.mp4,THANK YOU
Greetings\55. Thank you\MVI_0062_skeleton.mp4,THANK YOU
Greetings\55. Thank you\MVI_0063_skeleton.mp4,THANK YOU
Greetings\55. Thank you\MVI_0111_skeleton.mp4,THANK YOU
Greetings\55. Thank you\MVI_0112_skeleton.mp4,THANK YOU
Greetings\55. Thank you\MVI_0113_skeleton.mp4,THANK YOU
Greetings\55. Thank you\MVI_9948_skeleton.mp4,THANK YOU
Greetings\55. Thank you\MVI_9949_skeleton.mp4,THANK YOU
Greetings\55. Thank you\MVI_9950_skeleton.mp4,THANK YOU
Greetings\55. Thank you\MVI_9951_skeleton.mp4,THANK YOU
Greetings\55. Thank you\MVI_9984_skeleton.mp4,THANK YOU
Greetings\55. Thank you\MVI_9985_skeleton.mp4,THANK YOU
Greetings\55. Thank you\MVI_9986_skeleton.mp4,THANK YOU
Greetings\55. Thank you\MVI_9987_skeleton.mp4,THANK YOU
Pronouns\47. they\MVI_0025_skeleton.mp4,THEY
Pronouns\47. they\MVI_0026_skeleton.mp4,THEY
Pronouns\47. they\MVI_0027_skeleton.mp4,THEY
Pronouns\47. they\MVI_0028_skeleton.mp4,THEY
Pronouns\47. they\MVI_0033_skeleton.mp4,THEY
Pronouns\47. they\MVI_0034_skeleton.mp4,THEY
Pronouns\47. they\MVI_0035_skeleton.mp4,THEY
Pronouns\47. they\MVI_0085_skeleton.mp4,THEY
Pronouns\47. they\MVI_0087_skeleton.mp4,THEY
Pronouns\47. they\MVI_0088_skeleton.mp4,THEY
Pronouns\47. they\MVI_9910_skeleton.mp4,THEY
Pronouns\47. they\MVI_9911_skeleton.mp4,THEY
Pronouns\47. they\MVI_9912_skeleton.mp4,THEY
Pronouns\47. they\MVI_9913_skeleton.mp4,THEY
Pronouns\47. they\MVI_9950_skeleton.mp4,THEY
Pronouns\47. they\MVI_9951_skeleton.mp4,THEY
Pronouns\47. they\MVI_9952_skeleton.mp4,THEY
Pronouns\47. they\MVI_9953_skeleton.mp4,THEY
Pronouns\47. they\MVI_9979_skeleton.mp4,THEY
Pronouns\47. they\MVI_9980_skeleton.mp4,THEY
Pronouns\47. they\MVI_9981_skeleton.mp4,THEY
Adjectives\13. thick\MVI_9605_skeleton.mp4,THICK
Adjectives\13. thick\MVI_9606_skeleton.mp4,THICK
Adjectives\13. thick\MVI_9607_skeleton.mp4,THICK
Adjectives\13. thick\MVI_9608_skeleton.mp4,THICK
Adjectives\13. thick\MVI_9742_skeleton.mp4,THICK
Adjectives\13. thick\MVI_9743_skeleton.mp4,THICK
Adjectives\13. thick\MVI_9744_skeleton.mp4,THICK
Adjectives\13. thick\MVI_9745_skeleton.mp4,THICK
Adjectives\14. thin\MVI_9609_skeleton.mp4,THIN
Adjectives\14. thin\MVI_9610_skeleton.mp4,THIN
Adjectives\14. thin\MVI_9611_skeleton.mp4,THIN
Adjectives\14. thin\MVI_9612_skeleton.mp4,THIN
Adjectives\21. tight\MVI_9646_skeleton.mp4,TIGHT
Adjectives\21. tight\MVI_9647_skeleton.mp4,TIGHT
Adjectives\21. tight\MVI_9648_skeleton.mp4,TIGHT
Adjectives\21. tight\MVI_9649_skeleton.mp4,TIGHT
Adjectives\21. tight\MVI_9771_skeleton.mp4,TIGHT
Adjectives\21. tight\MVI_9772_skeleton.mp4,TIGHT
Adjectives\21. tight\MVI_9773_skeleton.mp4,TIGHT
Adjectives\21. tight\MVI_9774_skeleton.mp4,TIGHT
Adjectives\6. Ugly\MVI_9576_skeleton.mp4,UGLY
Adjectives\6. Ugly\MVI_9577_skeleton.mp4,UGLY
Adjectives\6. Ugly\MVI_9578_skeleton.mp4,UGLY
Adjectives\6. Ugly\MVI_9579_skeleton.mp4,UGLY
Adjectives\6. Ugly\MVI_9844_skeleton.mp4,UGLY
Adjectives\6. Ugly\MVI_9845_skeleton.mp4,UGLY
Adjectives\6. Ugly\MVI_9846_skeleton.mp4,UGLY
Adjectives\6. Ugly\MVI_9847_skeleton.mp4,UGLY
Society\11. War\MVI_4291_skeleton.mp4,WAR
Society\11. War\MVI_4292_skeleton.mp4,WAR
Society\11. War\MVI_4293_skeleton.mp4,WAR
Society\11. War\MVI_4294_skeleton.mp4,WAR
Society\11. War\MVI_4830_skeleton.mp4,WAR
Society\11. War\MVI_4831_skeleton.mp4,WAR
Society\11. War\MVI_4832_skeleton.mp4,WAR
Society\11. War\MVI_8697_skeleton.mp4,WAR
Society\11. War\MVI_8698_skeleton.mp4,WAR
Society\11. War\MVI_8699_skeleton.mp4,WAR
Society\11. War\MVI_8700_skeleton.mp4,WAR
Society\11. War\MVI_8957_skeleton.mp4,WAR
Society\11. War\MVI_8958_skeleton.mp4,WAR
Society\11. War\MVI_8959_skeleton.mp4,WAR
Adjectives\89. warm\MVI_5141_skeleton.mp4,WARM
Adjectives\89. warm\MVI_5143_skeleton.mp4,WARM
Adjectives\89. warm\MVI_5144_skeleton.mp4,WARM
Adjectives\89. warm\MVI_5222_skeleton.mp4,WARM
Adjectives\89. warm\MVI_5223_skeleton.mp4,WARM
Adjectives\89. warm\MVI_5224_skeleton.mp4,WARM
Adjectives\89. warm\MVI_5301_skeleton.mp4,WARM
Adjectives\89. warm\MVI_5302_skeleton.mp4,WARM
Adjectives\89. warm\MVI_5303_skeleton.mp4,WARM
Adjectives\89. warm\MVI_9253_skeleton.mp4,WARM
Adjectives\89. warm\MVI_9254_skeleton.mp4,WARM
Pronouns\45. we\MVI_0017_skeleton.mp4,WE
Pronouns\45. we\MVI_0018_skeleton.mp4,WE
Pronouns\45. we\MVI_0019_skeleton.mp4,WE
Pronouns\45. we\MVI_0020_skeleton.mp4,WE
Pronouns\45. we\MVI_0027_skeleton.mp4,WE
Pronouns\45. we\MVI_0028_skeleton.mp4,WE
Pronouns\45. we\MVI_0029_skeleton.mp4,WE
Pronouns\45. we\MVI_0079_skeleton.mp4,WE
Pronouns\45. we\MVI_0080_skeleton.mp4,WE
Pronouns\45. we\MVI_0081_skeleton.mp4,WE
Pronouns\45. we\MVI_9901_skeleton.mp4,WE
Pronouns\45. we\MVI_9902_skeleton.mp4,WE
Pronouns\45. we\MVI_9903_skeleton.mp4,WE
Pronouns\45. we\MVI_9904_skeleton.mp4,WE
Pronouns\45. we\MVI_9940_skeleton.mp4,WE
Pronouns\45. we\MVI_9941_skeleton.mp4,WE
Pronouns\45. we\MVI_9942_skeleton.mp4,WE
Pronouns\45. we\MVI_9943_skeleton.mp4,WE
Pronouns\45. we\MVI_9972_skeleton.mp4,WE
Pronouns\45. we\MVI_9973_skeleton.mp4,WE
Pronouns\45. we\MVI_9974_skeleton.mp4,WE
Adjectives\32. weak\MVI_9694_skeleton.mp4,WEAK
Adjectives\32. weak\MVI_9695_skeleton.mp4,WEAK
Adjectives\32. weak\MVI_9696_skeleton.mp4,WEAK
Adjectives\32. weak\MVI_9697_skeleton.mp4,WEAK
Adjectives\32. weak\MVI_9818_skeleton.mp4,WEAK
Adjectives\32. weak\MVI_9819_skeleton.mp4,WEAK
Adjectives\32. weak\MVI_9820_skeleton.mp4,WEAK
Adjectives\32. weak\MVI_9821_skeleton.mp4,WEAK
Adjectives\96. wet\MVI_5164_skeleton.mp4,WET
Adjectives\96. wet\MVI_5165_skeleton.mp4,WET
Adjectives\96. wet\MVI_5166_skeleton.mp4,WET
Adjectives\96. wet\MVI_5244_skeleton.mp4,WET
Adjectives\96. wet\MVI_5245_skeleton.mp4,WET
Adjectives\96. wet\MVI_5246_skeleton.mp4,WET
Adjectives\96. wet\MVI_5322_skeleton.mp4,WET
Adjectives\96. wet\MVI_5323_skeleton.mp4,WET
Adjectives\96. wet\MVI_5324_skeleton.mp4,WET
Adjectives\96. wet\MVI_9274_skeleton.mp4,WET
Adjectives\96. wet\MVI_9275_skeleton.mp4,WET
Adjectives\96. wet\MVI_9276_skeleton.mp4,WET
Adjectives\96. wet\MVI_9355_skeleton.mp4,WET
Adjectives\96. wet\MVI_9356_skeleton.mp4,WET
Adjectives\96. wet\MVI_9357_skeleton.mp4,WET
Adjectives\96. wet\MVI_9436_skeleton.mp4,WET
Adjectives\96. wet\MVI_9437_skeleton.mp4,WET
Adjectives\96. wet\MVI_9438_skeleton.mp4,WET
Adjectives\96. wet\MVI_9517_skeleton.mp4,WET
Adjectives\96. wet\MVI_9518_skeleton.mp4,WET
Adjectives\96. wet\MVI_9520_skeleton.mp4,WET
Colours\55. White\MVI_3743_skeleton.mp4,WHITE
Colours\55. White\MVI_3744_skeleton.mp4,WHITE
Colours\55. White\MVI_3745_skeleton.mp4,WHITE
Colours\55. White\MVI_3890_skeleton.mp4,WHITE
Colours\55. White\MVI_3891_skeleton.mp4,WHITE
Colours\55. White\MVI_3892_skeleton.mp4,WHITE
Colours\55. White\MVI_4042_skeleton.mp4,WHITE
Colours\55. White\MVI_4043_skeleton.mp4,WHITE
Colours\55. White\MVI_4044_skeleton.mp4,WHITE
Colours\55. White\MVI_4216_skeleton.mp4,WHITE
Colours\55. White\MVI_4921_skeleton.mp4,WHITE
Colours\55. White\MVI_4922_skeleton.mp4,WHITE
Colours\55. White\MVI_4923_skeleton.mp4,WHITE
Colours\55. White\MVI_5061_skeleton.mp4,WHITE
Colours\55. White\MVI_5062_skeleton.mp4,WHITE
Colours\55. White\MVI_5063_skeleton.mp4,WHITE
Colours\55. White\MVI_5209_skeleton.mp4,WHITE
Colours\55. White\MVI_5210_skeleton.mp4,WHITE
Colours\55. White\MVI_5211_skeleton.mp4,WHITE
Colours\55. White\MVI_8620_skeleton.mp4,WHITE
Adjectives\81. wide\MVI_5117_skeleton.mp4,WIDE
Adjectives\81. wide\MVI_5118_skeleton.mp4,WIDE
Adjectives\81. wide\MVI_5119_skeleton.mp4,WIDE
Adjectives\81. wide\MVI_5197_skeleton.mp4,WIDE
Adjectives\81. wide\MVI_5198_skeleton.mp4,WIDE
Adjectives\81. wide\MVI_5199_skeleton.mp4,WIDE
Adjectives\81. wide\MVI_5277_skeleton.mp4,WIDE
Adjectives\81. wide\MVI_5278_skeleton.mp4,WIDE
Adjectives\81. wide\MVI_5279_skeleton.mp4,WIDE
Adjectives\81. wide\MVI_9227_skeleton.mp4,WIDE
Adjectives\81. wide\MVI_9228_skeleton.mp4,WIDE
Adjectives\81. wide\MVI_9229_skeleton.mp4,WIDE
Adjectives\81. wide\MVI_9310_skeleton.mp4,WIDE
Adjectives\81. wide\MVI_9311_skeleton.mp4,WIDE
Adjectives\81. wide\MVI_9312_skeleton.mp4,WIDE
Adjectives\81. wide\MVI_9388_skeleton.mp4,WIDE
Adjectives\81. wide\MVI_9389_skeleton.mp4,WIDE
Adjectives\81. wide\MVI_9390_skeleton.mp4,WIDE
Adjectives\81. wide\MVI_9467_skeleton.mp4,WIDE
Adjectives\81. wide\MVI_9468_skeleton.mp4,WIDE
Adjectives\81. wide\MVI_9469_skeleton.mp4,WIDE
Seasons\63. Winter\MVI_4573_skeleton.mp4,WINTER
Seasons\63. Winter\MVI_4574_skeleton.mp4,WINTER
Seasons\63. Winter\MVI_4575_skeleton.mp4,WINTER
Seasons\63. Winter\MVI_4576_skeleton.mp4,WINTER
Seasons\63. Winter\MVI_4996_skeleton.mp4,WINTER
Seasons\63. Winter\MVI_4997_skeleton.mp4,WINTER
Seasons\63. Winter\MVI_4998_skeleton.mp4,WINTER
Seasons\63. Winter\MVI_5429_skeleton.mp4,WINTER
Seasons\63. Winter\MVI_5430_skeleton.mp4,WINTER
Seasons\63. Winter\MVI_5431_skeleton.mp4,WINTER
Seasons\63. Winter\MVI_5432_skeleton.mp4,WINTER
Seasons\63. Winter\MVI_9129_skeleton.mp4,WINTER
Seasons\63. Winter\MVI_9130_skeleton.mp4,WINTER
Seasons\63. Winter\MVI_9131_skeleton.mp4,WINTER
Colours\50. Yellow\MVI_3728_skeleton.mp4,YELLOW
Colours\50. Yellow\MVI_3729_skeleton.mp4,YELLOW
Colours\50. Yellow\MVI_3730_skeleton.mp4,YELLOW
Colours\50. Yellow\MVI_3875_skeleton.mp4,YELLOW
Colours\50. Yellow\MVI_3876_skeleton.mp4,YELLOW
Colours\50. Yellow\MVI_3877_skeleton.mp4,YELLOW
Colours\50. Yellow\MVI_4027_skeleton.mp4,YELLOW
Colours\50. Yellow\MVI_4028_skeleton.mp4,YELLOW
Colours\50. Yellow\MVI_4029_skeleton.mp4,YELLOW
Colours\50. Yellow\MVI_4211_skeleton.mp4,YELLOW
Colours\50. Yellow\MVI_4906_skeleton.mp4,YELLOW
Colours\50. Yellow\MVI_4907_skeleton.mp4,YELLOW
Colours\50. Yellow\MVI_4908_skeleton.mp4,YELLOW
Colours\50. Yellow\MVI_5046_skeleton.mp4,YELLOW
Colours\50. Yellow\MVI_5047_skeleton.mp4,YELLOW
Colours\50. Yellow\MVI_5048_skeleton.mp4,YELLOW
Colours\50. Yellow\MVI_5193_skeleton.mp4,YELLOW
Colours\50. Yellow\MVI_5194_skeleton.mp4,YELLOW
Colours\50. Yellow\MVI_5195_skeleton.mp4,YELLOW
Colours\50. Yellow\MVI_8615_skeleton.mp4,YELLOW
Pronouns\41. you\MVI_0015_skeleton.mp4,YOU
Pronouns\41. you\MVI_0016_skeleton.mp4,YOU
Pronouns\41. you\MVI_0017_skeleton.mp4,YOU
Pronouns\41. you\MVI_0067_skeleton.mp4,YOU
Pronouns\41. you\MVI_0068_skeleton.mp4,YOU
Pronouns\41. you\MVI_0069_skeleton.mp4,YOU
Pronouns\41. you\MVI_9885_skeleton.mp4,YOU
Pronouns\41. you\MVI_9886_skeleton.mp4,YOU
Pronouns\41. you\MVI_9887_skeleton.mp4,YOU
Pronouns\41. you\MVI_9888_skeleton.mp4,YOU
Pronouns\41. you\MVI_9923_skeleton.mp4,YOU
Pronouns\41. you\MVI_9924_skeleton.mp4,YOU
Pronouns\41. you\MVI_9925_skeleton.mp4,YOU
Pronouns\41. you\MVI_9926_skeleton.mp4,YOU
Pronouns\41. you\MVI_9960_skeleton.mp4,YOU
Pronouns\41. you\MVI_9961_skeleton.mp4,YOU
Pronouns\41. you\MVI_9962_skeleton.mp4,YOU
Pronouns\41. you\MVI_9996_skeleton.mp4,YOU
Pronouns\41. you\MVI_9997_skeleton.mp4,YOU
Pronouns\41. you\MVI_9998_skeleton.mp4,YOU
Pronouns\41. you\MVI_9999_skeleton.mp4,YOU
Pronouns\46. you (plural)\MVI_0021_skeleton.mp4,YOU PLURAL
Pronouns\46. you (plural)\MVI_0022_skeleton.mp4,YOU PLURAL
Pronouns\46. you (plural)\MVI_0023_skeleton.mp4,YOU PLURAL
Pronouns\46. you (plural)\MVI_0024_skeleton.mp4,YOU PLURAL
Pronouns\46. you (plural)\MVI_0030_skeleton.mp4,YOU PLURAL
Pronouns\46. you (plural)\MVI_0031_skeleton.mp4,YOU PLURAL
Pronouns\46. you (plural)\MVI_0032_skeleton.mp4,YOU PLURAL
Pronouns\46. you (plural)\MVI_0082_skeleton.mp4,YOU PLURAL
Pronouns\46. you (plural)\MVI_0083_skeleton.mp4,YOU PLURAL
Pronouns\46. you (plural)\MVI_0084_skeleton.mp4,YOU PLURAL
Pronouns\46. you (plural)\MVI_9905_skeleton.mp4,YOU PLURAL
Pronouns\46. you (plural)\MVI_9907_skeleton.mp4,YOU PLURAL
Pronouns\46. you (plural)\MVI_9908_skeleton.mp4,YOU PLURAL
Pronouns\46. you (plural)\MVI_9909_skeleton.mp4,YOU PLURAL
Pronouns\46. you (plural)\MVI_9945_skeleton.mp4,YOU PLURAL
Pronouns\46. you (plural)\MVI_9946_skeleton.mp4,YOU PLURAL
Pronouns\46. you (plural)\MVI_9947_skeleton.mp4,YOU PLURAL
Pronouns\46. you (plural)\MVI_9948_skeleton.mp4,YOU PLURAL
Pronouns\46. you (plural)\MVI_9975_skeleton.mp4,YOU PLURAL
Pronouns\46. you (plural)\MVI_9976_skeleton.mp4,YOU PLURAL
Pronouns\46. you (plural)\MVI_9977_skeleton.mp4,YOU PLURAL
Adjectives\93. young\MVI_5155_skeleton.mp4,YOUNG
Adjectives\93. young\MVI_5156_skeleton.mp4,YOUNG
Adjectives\93. young\MVI_5157_skeleton.mp4,YOUNG
Adjectives\93. young\MVI_5235_skeleton.mp4,YOUNG
Adjectives\93. young\MVI_5236_skeleton.mp4,YOUNG
Adjectives\93. young\MVI_5237_skeleton.mp4,YOUNG
Adjectives\93. young\MVI_5313_skeleton.mp4,YOUNG
Adjectives\93. young\MVI_5314_skeleton.mp4,YOUNG
Adjectives\93. young\MVI_5315_skeleton.mp4,YOUNG
Adjectives\93. young\MVI_9265_skeleton.mp4,YOUNG
Adjectives\93. young\MVI_9266_skeleton.mp4,YOUNG
Adjectives\93. young\MVI_9267_skeleton.mp4,YOUNG
Adjectives\93. young\MVI_9346_skeleton.mp4,YOUNG
Adjectives\93. young\MVI_9347_skeleton.mp4,YOUNG
Adjectives\93. young\MVI_9348_skeleton.mp4,YOUNG
Adjectives\93. young\MVI_9427_skeleton.mp4,YOUNG
Adjectives\93. young\MVI_9428_skeleton.mp4,YOUNG
Adjectives\93. young\MVI_9429_skeleton.mp4,YOUNG
Adjectives\93. young\MVI_9507_skeleton.mp4,YOUNG
Adjectives\93. young\MVI_9508_skeleton.mp4,YOUNG
Adjectives\93. young\MVI_9509_skeleton.mp4,YOUNG
